siteID,plotID,plotType,coarseRootNPercent,fineRootNPercent,litterNPercent,taxonID,foliarNPercent,horizon,soilNPercent
BART,BART_032,tower,0.4,0.7666666666666666,0.5,NA,NA,NA,NA
BART,BART_033,tower,0.5,1,0.55,NA,NA,NA,NA
BART,BART_034,tower,0.35,0.8166666666666667,0.5,NA,NA,NA,NA
BART,BART_036,tower,0.55,0.8916666666666667,0.55,NA,NA,NA,NA
BART,BART_037,tower,0.45,0.8,0.5333333333333333,NA,NA,NA,NA
BART,BART_039,tower,0.35,0.75,0.45,NA,NA,NA,NA
BART,BART_040,tower,0.35,0.8,0.6,NA,NA,NA,NA
BART,BART_041,tower,0.45,0.8500000000000001,0.55,NA,NA,NA,NA
BART,BART_042,tower,0.5,0.95,0.6,NA,NA,NA,NA
BART,BART_044,tower,0.4,0.8083333333333333,0.5,NA,NA,NA,NA
BART,BART_046,tower,0.35,0.8166666666666667,0.6,NA,NA,NA,NA
BART,BART_047,tower,0.35,0.8166666666666667,0.55,NA,NA,NA,NA
BART,BART_050,tower,0.35,0.8,0.6,NA,NA,NA,NA
BART,BART_051,tower,0.35,0.7166666666666666,0.5,NA,NA,NA,NA
BART,BART_070,tower,0.4,0.8333333333333333,NA,NA,NA,NA,NA
BART,BART_071,tower,0.30000000000000004,0.7666666666666667,0.43333333333333335,NA,NA,NA,NA
BART,BART_072,tower,0.45,0.95,0.55,NA,NA,NA,NA
BART,BART_073,tower,0.3,0.7666666666666666,0.45,NA,NA,NA,NA
BART,BART_074,tower,0.32499999999999996,0.875,0.55,NA,NA,NA,NA
BART,BART_075,tower,0.3,0.9333333333333333,0.6,NA,NA,NA,NA
DEJU,DEJU_045,tower,0.585,0.8683333333333334,NA,PIMA,0.78,M,0.10333333333333333
DEJU,DEJU_045,tower,0.585,0.8683333333333334,NA,PIMA,0.78,O,0.47333333333333333
DEJU,DEJU_046,tower,0.415,0.75,0.37,PIMA,0.6266666666666667,M,0.18333333333333332
DEJU,DEJU_046,tower,0.415,0.75,0.37,PIMA,0.6266666666666667,O,0.6133333333333333
DEJU,DEJU_047,tower,0.41500000000000004,0.8741666666666666,0.515,PIMA,0.7,M,0.17666666666666667
DEJU,DEJU_047,tower,0.41500000000000004,0.8741666666666666,0.515,PIMA,0.7,O,0.9933333333333334
DEJU,DEJU_047,tower,0.41500000000000004,0.8741666666666666,0.515,POTR5,2.52,M,0.17666666666666667
DEJU,DEJU_047,tower,0.41500000000000004,0.8741666666666666,0.515,POTR5,2.52,O,0.9933333333333334
DEJU,DEJU_048,tower,0.42999999999999994,0.6975,0.27,PIMA,0.6975,M,0.16666666666666666
DEJU,DEJU_048,tower,0.42999999999999994,0.6975,0.27,PIMA,0.6975,O,0.39
DEJU,DEJU_049,tower,0.5599999999999999,0.7983333333333333,0.26,NA,NA,NA,NA
DEJU,DEJU_050,tower,0.455,0.8183333333333334,NA,NA,NA,NA,NA
DEJU,DEJU_051,tower,0.32,0.7683333333333333,0.475,NA,NA,NA,NA
DEJU,DEJU_052,tower,0.6200000000000001,0.9066666666666667,NA,NA,NA,NA,NA
DEJU,DEJU_053,tower,0.395,0.7533333333333334,0.32,NA,NA,NA,NA
DEJU,DEJU_054,tower,0.575,0.8316666666666667,NA,NA,NA,NA,NA
DEJU,DEJU_055,tower,0.385,0.7766666666666666,NA,NA,NA,NA,NA
DEJU,DEJU_056,tower,0.4225,0.685,0.29,NA,NA,NA,NA
DEJU,DEJU_057,tower,0.675,0.8766666666666667,NA,NA,NA,NA,NA
DEJU,DEJU_058,tower,0.33,0.775,0.28,NA,NA,NA,NA
DEJU,DEJU_059,tower,0.385,0.6675,0.25,NA,NA,NA,NA
DEJU,DEJU_060,tower,0.33499999999999996,0.7925,0.3,NA,NA,NA,NA
DEJU,DEJU_061,tower,0.32999999999999996,0.7166666666666666,0.29,NA,NA,NA,NA
DEJU,DEJU_062,tower,0.395,0.6633333333333333,0.27,NA,NA,NA,NA
DEJU,DEJU_063,tower,0.31,0.7966666666666666,0.28500000000000003,NA,NA,NA,NA
DEJU,DEJU_064,tower,0.405,0.7783333333333333,0.31,NA,NA,NA,NA
DSNY,DSNY_041,tower,1.01,0.7433333333333333,NA,NA,1.01,M,0.05333333333333334
DSNY,DSNY_042,tower,0.35,0.6566666666666667,NA,ILGL,0.87,M,0.11333333333333333
DSNY,DSNY_042,tower,0.35,0.6566666666666667,NA,MOCE2,1.83,M,0.11333333333333333
DSNY,DSNY_042,tower,0.35,0.6566666666666667,NA,SERE2,1.06,M,0.11333333333333333
DSNY,DSNY_042,tower,0.35,0.6566666666666667,NA,NA,0.93,M,0.11333333333333333
DSNY,DSNY_043,tower,NaN,0.63,NA,NA,1.2850000000000001,M,0.043333333333333335
DSNY,DSNY_044,tower,NaN,0.635,NA,NA,0.6,M,0.07
DSNY,DSNY_045,tower,0.43,0.6533333333333333,NA,NA,NA,NA,NA
DSNY,DSNY_046,tower,NaN,0.5333333333333333,NA,NA,NA,NA,NA
DSNY,DSNY_047,tower,NaN,0.52,NA,NA,NA,NA,NA
DSNY,DSNY_048,tower,NaN,0.82,NA,NA,NA,NA,NA
DSNY,DSNY_049,tower,NaN,0.6066666666666667,NA,NA,NA,NA,NA
DSNY,DSNY_050,tower,0.64,0.54,NA,NA,NA,NA,NA
DSNY,DSNY_051,tower,0.97,0.6433333333333333,NA,NA,NA,NA,NA
DSNY,DSNY_052,tower,NaN,0.685,NA,NA,NA,NA,NA
DSNY,DSNY_053,tower,NaN,0.59,NA,NA,NA,NA,NA
DSNY,DSNY_054,tower,NaN,0.445,NA,NA,NA,NA,NA
DSNY,DSNY_055,tower,NaN,0.5133333333333333,NA,NA,NA,NA,NA
DSNY,DSNY_056,tower,0.19,0.43333333333333335,NA,NA,NA,NA,NA
DSNY,DSNY_057,tower,NaN,0.54,NA,NA,NA,NA,NA
DSNY,DSNY_058,tower,NaN,0.6,NA,NA,NA,NA,NA
DSNY,DSNY_059,tower,NaN,0.7050000000000001,NA,NA,NA,NA,NA
DSNY,DSNY_060,tower,NaN,0.9866666666666667,NA,NA,NA,NA,NA
DSNY,DSNY_061,tower,NaN,0.7066666666666667,NA,NA,NA,NA,NA
DSNY,DSNY_062,tower,0.24,0.6116666666666667,NA,NA,NA,NA,NA
DSNY,DSNY_063,tower,0.51,0.8833333333333333,NA,NA,NA,NA,NA
DSNY,DSNY_064,tower,NaN,0.925,NA,NA,NA,NA,NA
DSNY,DSNY_065,tower,0.61,0.9433333333333334,NA,NA,NA,NA,NA
DSNY,DSNY_066,tower,1.13,1.1566666666666667,NA,NA,NA,NA,NA
DSNY,DSNY_067,tower,NaN,0.39666666666666667,NA,NA,NA,NA,NA
DSNY,DSNY_068,tower,NaN,0.4066666666666667,NA,NA,NA,NA,NA
DSNY,DSNY_069,tower,0.23,0.5133333333333333,NA,NA,NA,NA,NA
DSNY,DSNY_070,tower,1.05,0.52,NA,NA,NA,NA,NA
GUAN,GUAN_043,tower,0.615,1.165,1.19,GUOF,1.99,M,0.7216666666666667
GUAN,GUAN_043,tower,0.615,1.165,1.19,PIAL3,3.81,M,0.7216666666666667
GUAN,GUAN_043,tower,0.615,1.165,1.19,SWMA2,1.54,M,0.7216666666666667
GUAN,GUAN_044,tower,0.62,1.3333333333333333,1.38,NA,NA,NA,NA
GUAN,GUAN_045,tower,0.655,1.27,1.15,NA,NA,NA,NA
GUAN,GUAN_047,tower,0.875,1.275,1.18,NA,NA,NA,NA
GUAN,GUAN_049,tower,1.1600000000000001,1.9733333333333334,1.6,BUBU,1.72,M,0.962
GUAN,GUAN_049,tower,1.1600000000000001,1.9733333333333334,1.6,BUSI,1.865,M,0.962
GUAN,GUAN_049,tower,1.1600000000000001,1.9733333333333334,1.6,PIAL3,2.3,M,0.962
GUAN,GUAN_050,tower,0.76,1.33,0.87,NA,NA,NA,NA
GUAN,GUAN_051,tower,1.11,1.5333333333333332,1.4,NA,NA,NA,NA
GUAN,GUAN_052,tower,1.145,1.6400000000000001,0.91,NA,NA,NA,NA
GUAN,GUAN_053,tower,0.815,1.4833333333333334,0.98,NA,NA,NA,NA
GUAN,GUAN_054,tower,1.725,2.3233333333333333,1.6349999999999998,NA,NA,NA,NA
GUAN,GUAN_055,tower,0.845,1.7833333333333332,1.54,NA,NA,NA,NA
GUAN,GUAN_056,tower,0.43499999999999994,0.9916666666666666,0.75,NA,NA,NA,NA
GUAN,GUAN_057,tower,0.91,1.4666666666666666,1.19,NA,NA,NA,NA
GUAN,GUAN_058,tower,1.575,2.135,1.46,NA,NA,NA,NA
GUAN,GUAN_059,tower,1.31,2.1766666666666667,1.25,NA,NA,NA,NA
GUAN,GUAN_060,tower,0.92,1.5033333333333334,0.96,NA,NA,NA,NA
GUAN,GUAN_061,tower,1,1.4266666666666667,0.98,NA,NA,NA,NA
HARV,HARV_033,tower,0.4,0.7949999999999999,0.76,ACRU,1.58,M,0.17666666666666667
HARV,HARV_033,tower,0.4,0.7949999999999999,0.76,ACRU,1.58,O,1.2933333333333332
HARV,HARV_033,tower,0.4,0.7949999999999999,0.76,FRAM2,1.74,M,0.17666666666666667
HARV,HARV_033,tower,0.4,0.7949999999999999,0.76,FRAM2,1.74,O,1.2933333333333332
HARV,HARV_033,tower,0.4,0.7949999999999999,0.76,PIAB,0.97,M,0.17666666666666667
HARV,HARV_033,tower,0.4,0.7949999999999999,0.76,PIAB,0.97,O,1.2933333333333332
HARV,HARV_034,tower,0.41000000000000003,0.7841666666666667,0.6950000000000001,PINUS,1.0733333333333335,M,0.19666666666666668
HARV,HARV_034,tower,0.41000000000000003,0.7841666666666667,0.6950000000000001,PINUS,1.0733333333333335,O,1.35
HARV,HARV_035,tower,0.395,0.8108333333333333,0.76,ACRU,1.65,M,0.20333333333333334
HARV,HARV_035,tower,0.395,0.8108333333333333,0.76,ACRU,1.65,O,1.1099999999999999
HARV,HARV_035,tower,0.395,0.8108333333333333,0.76,BELE,1.73,M,0.20333333333333334
HARV,HARV_035,tower,0.395,0.8108333333333333,0.76,BELE,1.73,O,1.1099999999999999
HARV,HARV_035,tower,0.395,0.8108333333333333,0.76,TSCA,1.19,M,0.20333333333333334
HARV,HARV_035,tower,0.395,0.8108333333333333,0.76,TSCA,1.19,O,1.1099999999999999
HARV,HARV_036,tower,0.5700000000000001,0.9083333333333333,0.945,NA,NA,NA,NA
HARV,HARV_037,tower,0.345,1.0133333333333332,0.6399999999999999,ACRU,1.5,M,0.28
HARV,HARV_037,tower,0.345,1.0133333333333332,0.6399999999999999,ACRU,1.5,O,1.1766666666666667
HARV,HARV_037,tower,0.345,1.0133333333333332,0.6399999999999999,TSCA,1.27,M,0.28
HARV,HARV_037,tower,0.345,1.0133333333333332,0.6399999999999999,TSCA,1.27,O,1.1766666666666667
HARV,HARV_038,tower,0.3175,0.885,0.63,NA,NA,NA,NA
HARV,HARV_039,tower,0.44999999999999996,0.7749999999999999,0.77,NA,NA,NA,NA
HARV,HARV_040,tower,0.405,0.7050000000000001,0.505,NA,NA,NA,NA
HARV,HARV_041,tower,0.37,0.7708333333333334,0.6266666666666667,NA,NA,NA,NA
HARV,HARV_042,tower,0.435,0.6658333333333334,0.875,NA,NA,NA,NA
HARV,HARV_043,tower,0.41500000000000004,0.8283333333333334,0.67,NA,NA,NA,NA
HARV,HARV_044,tower,0.395,0.7983333333333333,0.615,NA,NA,NA,NA
HARV,HARV_045,tower,0.38,0.7908333333333333,0.81,NA,NA,NA,NA
HARV,HARV_046,tower,0.3825,0.7533333333333334,0.605,NA,NA,NA,NA
HARV,HARV_047,tower,0.39,0.78,0.78,NA,NA,NA,NA
HARV,HARV_048,tower,0.38,0.8216666666666667,0.66,NA,NA,NA,NA
HARV,HARV_049,tower,0.42500000000000004,0.8383333333333334,0.565,NA,NA,NA,NA
HARV,HARV_050,tower,0.575,0.9241666666666667,0.7050000000000001,NA,NA,NA,NA
HARV,HARV_051,tower,0.365,0.8150000000000001,0.88,NA,NA,NA,NA
HARV,HARV_052,tower,0.385,0.8366666666666667,0.7166666666666667,NA,NA,NA,NA
JORN,JORN_042,tower,NaN,1.1766666666666667,NA,NA,1.19,M,0.026666666666666665
JORN,JORN_043,tower,NaN,0.755,NA,NA,NA,NA,NA
JORN,JORN_044,tower,NaN,0.7566666666666667,NA,NA,0.83,M,0.03
JORN,JORN_045,tower,1.555,0.63,NA,NA,0.95,M,0.03
JORN,JORN_046,tower,NaN,0.8600000000000001,NA,NA,NA,NA,NA
JORN,JORN_047,tower,NaN,0.6575,NA,NA,0.88,M,0.03333333333333333
JORN,JORN_048,tower,NaN,1.48,NA,NA,NA,NA,NA
JORN,JORN_049,tower,NaN,0.93,NA,NA,NA,NA,NA
JORN,JORN_050,tower,NaN,0.8999999999999999,NA,NA,NA,NA,NA
JORN,JORN_051,tower,NaN,0.99,NA,NA,NA,NA,NA
JORN,JORN_052,tower,NaN,0.8233333333333334,NA,NA,NA,NA,NA
JORN,JORN_053,tower,NaN,1.1833333333333333,NA,NA,NA,NA,NA
JORN,JORN_054,tower,NaN,0.79,NA,NA,NA,NA,NA
JORN,JORN_055,tower,NaN,0.65,NA,NA,NA,NA,NA
JORN,JORN_056,tower,NaN,0.78,NA,NA,NA,NA,NA
JORN,JORN_057,tower,NaN,0.75,NA,NA,NA,NA,NA
JORN,JORN_058,tower,NaN,0.9866666666666667,NA,NA,NA,NA,NA
JORN,JORN_059,tower,0.59,0.675,NA,NA,NA,NA,NA
JORN,JORN_060,tower,NaN,0.805,NA,NA,NA,NA,NA
JORN,JORN_061,tower,NaN,0.645,NA,NA,NA,NA,NA
JORN,JORN_062,tower,NaN,0.8,NA,NA,NA,NA,NA
JORN,JORN_063,tower,NaN,0.5066666666666667,NA,NA,NA,NA,NA
JORN,JORN_064,tower,2.01,1.1733333333333333,NA,NA,NA,NA,NA
JORN,JORN_065,tower,1.97,1.135,NA,NA,NA,NA,NA
JORN,JORN_066,tower,2.25,1.245,NA,NA,NA,NA,NA
JORN,JORN_067,tower,NaN,1,NA,NA,NA,NA,NA
JORN,JORN_068,tower,NaN,0.79,NA,NA,NA,NA,NA
JORN,JORN_069,tower,NaN,1.005,NA,NA,NA,NA,NA
JORN,JORN_070,tower,NaN,0.61,NA,NA,NA,NA,NA
JORN,JORN_071,tower,NaN,0.805,NA,NA,NA,NA,NA
KONZ,KONZ_042,tower,1,0.6733333333333333,NA,NA,0.97,M,0.3433333333333333
KONZ,KONZ_043,tower,0.85,0.6133333333333334,NA,NA,1.88,M,0.35
KONZ,KONZ_044,tower,0.21,0.53,NA,NA,NA,NA,NA
KONZ,KONZ_045,tower,0.36,0.6716666666666666,NA,NA,1.6,M,0.39
KONZ,KONZ_046,tower,0.57,0.9933333333333333,NA,NA,1.53,NA,NA
KONZ,KONZ_047,tower,0.7,0.5933333333333334,NA,NA,NA,NA,NA
KONZ,KONZ_048,tower,NaN,0.5666666666666667,NA,NA,NA,NA,NA
KONZ,KONZ_049,tower,NaN,0.6366666666666666,NA,NA,NA,NA,NA
KONZ,KONZ_050,tower,NaN,0.5366666666666667,NA,NA,NA,NA,NA
KONZ,KONZ_051,tower,0.42,0.42,NA,NA,NA,NA,NA
KONZ,KONZ_052,tower,NaN,0.5066666666666667,NA,NA,NA,NA,NA
KONZ,KONZ_053,tower,1.69,0.8033333333333332,NA,NA,NA,NA,NA
KONZ,KONZ_054,tower,0.27,0.5666666666666667,NA,NA,NA,NA,NA
KONZ,KONZ_055,tower,NaN,0.75,NA,NA,NA,NA,NA
KONZ,KONZ_056,tower,NaN,0.6033333333333334,NA,NA,NA,NA,NA
KONZ,KONZ_057,tower,1.65,0.6666666666666666,NA,NA,NA,NA,NA
KONZ,KONZ_058,tower,0.59,0.7933333333333333,NA,NA,NA,NA,NA
KONZ,KONZ_059,tower,0.59,1.07,NA,NA,NA,NA,NA
KONZ,KONZ_060,tower,0.59,0.5266666666666666,NA,NA,NA,NA,NA
KONZ,KONZ_061,tower,1.94,0.85,NA,NA,NA,NA,NA
KONZ,KONZ_062,tower,1.23,0.7633333333333333,NA,NA,NA,NA,NA
KONZ,KONZ_063,tower,0.49,1.22,NA,NA,NA,NA,NA
KONZ,KONZ_064,tower,0.87,1.1066666666666667,NA,NA,NA,NA,NA
KONZ,KONZ_065,tower,0.61,0.54,NA,NA,NA,NA,NA
KONZ,KONZ_066,tower,1.15,0.7466666666666666,NA,NA,NA,NA,NA
KONZ,KONZ_067,tower,0.5,0.6666666666666666,NA,NA,NA,NA,NA
KONZ,KONZ_068,tower,0.53,0.5900000000000001,NA,NA,NA,NA,NA
KONZ,KONZ_069,tower,1.705,0.5266666666666666,NA,NA,NA,NA,NA
KONZ,KONZ_070,tower,0.8,0.53,NA,NA,NA,NA,NA
KONZ,KONZ_071,tower,0.42,0.44666666666666666,NA,NA,NA,NA,NA
LENO,LENO_061,tower,0.5,0.9466666666666667,0.87,CACA18,1.8,M,0.19
LENO,LENO_061,tower,0.5,0.9466666666666667,0.87,CELA,2.91,M,0.19
LENO,LENO_061,tower,0.5,0.9466666666666667,0.87,ULAM,2.18,M,0.19
LENO,LENO_062,tower,0.44999999999999996,0.7949999999999999,1.115,FRPE,2.35,M,0.13333333333333333
LENO,LENO_062,tower,0.44999999999999996,0.7949999999999999,1.115,QUNI,2.15,M,0.13333333333333333
LENO,LENO_062,tower,0.44999999999999996,0.7949999999999999,1.115,ULAM,2.57,M,0.13333333333333333
LENO,LENO_063,tower,0.45,0.8916666666666666,1.1,CACA18,2,M,0.13333333333333333
LENO,LENO_063,tower,0.45,0.8916666666666666,1.1,LIST2,2.0949999999999998,M,0.13333333333333333
LENO,LENO_064,tower,0.39249999999999996,0.6833333333333333,0.7949999999999999,LIST2,2.44,M,0.09
LENO,LENO_064,tower,0.39249999999999996,0.6833333333333333,0.7949999999999999,QUNI,1.9249999999999998,M,0.09
LENO,LENO_064,tower,0.39249999999999996,0.6833333333333333,0.7949999999999999,ULAM,2.65,M,0.09
LENO,LENO_065,tower,0.635,0.8583333333333334,1.25,NA,NA,NA,NA
LENO,LENO_066,tower,0.435,0.7383333333333333,0.755,NA,NA,NA,NA
LENO,LENO_067,tower,0.565,0.8516666666666666,1.01,NA,NA,NA,NA
LENO,LENO_068,tower,0.825,1.01,0.7899999999999999,NA,NA,NA,NA
LENO,LENO_069,tower,0.745,1.0266666666666666,1.29,NA,NA,NA,NA
LENO,LENO_070,tower,0.49,0.8466666666666667,0.9,NA,NA,NA,NA
MLBS,MLBS_061,tower,0.63,0.925,1.26,ACRU,1.95,M,0.11
MLBS,MLBS_061,tower,0.63,0.925,1.26,ACRU,1.95,O,0.8233333333333334
MLBS,MLBS_061,tower,0.63,0.925,1.26,AMLA,2.18,M,0.11
MLBS,MLBS_061,tower,0.63,0.925,1.26,AMLA,2.18,O,0.8233333333333334
MLBS,MLBS_061,tower,0.63,0.925,1.26,QUAL,2.33,M,0.11
MLBS,MLBS_061,tower,0.63,0.925,1.26,QUAL,2.33,O,0.8233333333333334
MLBS,MLBS_062,tower,0.6,0.77,1.19,NA,NA,NA,NA
MLBS,MLBS_063,tower,0.565,1.0433333333333332,1.35,AMLA,2.43,M,0.11666666666666667
MLBS,MLBS_063,tower,0.565,1.0433333333333332,1.35,AMLA,2.43,O,0.5566666666666666
MLBS,MLBS_063,tower,0.565,1.0433333333333332,1.35,QUAL,2.78,M,0.11666666666666667
MLBS,MLBS_063,tower,0.565,1.0433333333333332,1.35,QUAL,2.78,O,0.5566666666666666
MLBS,MLBS_063,tower,0.565,1.0433333333333332,1.35,QURU,2.26,M,0.11666666666666667
MLBS,MLBS_063,tower,0.565,1.0433333333333332,1.35,QURU,2.26,O,0.5566666666666666
MLBS,MLBS_064,tower,0.69,1.0616666666666665,1.3,ACRU,1.99,M,0.10333333333333333
MLBS,MLBS_064,tower,0.69,1.0616666666666665,1.3,ACRU,1.99,O,0.4366666666666667
MLBS,MLBS_064,tower,0.69,1.0616666666666665,1.3,QUAL,2.36,M,0.10333333333333333
MLBS,MLBS_064,tower,0.69,1.0616666666666665,1.3,QUAL,2.36,O,0.4366666666666667
MLBS,MLBS_064,tower,0.69,1.0616666666666665,1.3,QURU,2.47,M,0.10333333333333333
MLBS,MLBS_064,tower,0.69,1.0616666666666665,1.3,QURU,2.47,O,0.4366666666666667
MLBS,MLBS_065,tower,0.605,0.9433333333333334,1.37,NA,NA,NA,NA
MLBS,MLBS_066,tower,0.73,0.9025,1.48,NA,NA,NA,NA
MLBS,MLBS_067,tower,0.525,0.86,1.16,ACRU,1.64,M,0.16333333333333333
MLBS,MLBS_067,tower,0.525,0.86,1.16,ACRU,1.64,O,0.9366666666666666
MLBS,MLBS_067,tower,0.525,0.86,1.16,QUAL,2.63,M,0.16333333333333333
MLBS,MLBS_067,tower,0.525,0.86,1.16,QUAL,2.63,O,0.9366666666666666
MLBS,MLBS_067,tower,0.525,0.86,1.16,QURU,1.95,M,0.16333333333333333
MLBS,MLBS_067,tower,0.525,0.86,1.16,QURU,1.95,O,0.9366666666666666
MLBS,MLBS_068,tower,0.405,0.7616666666666667,1.41,NA,NA,NA,NA
MLBS,MLBS_069,tower,0.525,0.8291666666666666,1.55,NA,NA,NA,NA
MLBS,MLBS_070,tower,0.565,0.8266666666666667,1.28,NA,NA,NA,NA
MLBS,MLBS_071,tower,0.44999999999999996,0.7533333333333334,0.8600000000000001,NA,NA,NA,NA
MLBS,MLBS_072,tower,0.55,0.8783333333333333,1.42,NA,NA,NA,NA
MLBS,MLBS_073,tower,0.53,0.8691666666666666,1.07,NA,NA,NA,NA
MLBS,MLBS_074,tower,0.73,0.8783333333333334,1.1,NA,NA,NA,NA
MLBS,MLBS_075,tower,0.355,0.6216666666666667,1.415,NA,NA,NA,NA
MLBS,MLBS_076,tower,0.485,0.7416666666666667,1.55,NA,NA,NA,NA
MOAB,MOAB_044,tower,0.94,0.9666666666666667,NA,NA,1.64,M,0.04
MOAB,MOAB_045,tower,NaN,0.9500000000000001,NA,NA,1.68,M,0.03
MOAB,MOAB_046,tower,1.05,1.24,NA,NA,2.21,M,0.03666666666666667
MOAB,MOAB_047,tower,0.56,0.9333333333333333,NA,NA,1.61,M,0.03333333333333333
MOAB,MOAB_048,tower,1.19,1.3233333333333333,NA,NA,NA,NA,NA
MOAB,MOAB_049,tower,1.61,0.89,NA,NA,NA,NA,NA
MOAB,MOAB_050,tower,0.87,1.0033333333333334,NA,NA,NA,NA,NA
MOAB,MOAB_051,tower,NaN,1.2633333333333334,NA,NA,NA,NA,NA
MOAB,MOAB_052,tower,1.41,1.27,NA,NA,NA,NA,NA
MOAB,MOAB_053,tower,1.83,1.1266666666666667,NA,NA,NA,NA,NA
MOAB,MOAB_054,tower,1.14,1.1333333333333333,NA,NA,NA,NA,NA
MOAB,MOAB_055,tower,1.44,1.13,NA,NA,NA,NA,NA
MOAB,MOAB_056,tower,0.7,0.82,NA,NA,NA,NA,NA
MOAB,MOAB_057,tower,NaN,0.9433333333333334,NA,NA,NA,NA,NA
MOAB,MOAB_058,tower,1.72,0.8633333333333333,NA,NA,NA,NA,NA
MOAB,MOAB_059,tower,1.12,0.9166666666666666,NA,NA,NA,NA,NA
MOAB,MOAB_060,tower,NaN,0.9533333333333334,NA,NA,NA,NA,NA
MOAB,MOAB_061,tower,NaN,0.7833333333333333,NA,NA,NA,NA,NA
MOAB,MOAB_062,tower,1.47,0.8166666666666667,NA,NA,NA,NA,NA
MOAB,MOAB_063,tower,1.37,0.9866666666666667,NA,NA,NA,NA,NA
MOAB,MOAB_064,tower,NaN,1.1600000000000001,NA,NA,NA,NA,NA
MOAB,MOAB_065,tower,NaN,0.72,NA,NA,NA,NA,NA
MOAB,MOAB_066,tower,NaN,1.1133333333333333,NA,NA,NA,NA,NA
MOAB,MOAB_067,tower,NaN,1.105,NA,NA,NA,NA,NA
MOAB,MOAB_068,tower,1.79,1.2766666666666666,NA,NA,NA,NA,NA
MOAB,MOAB_069,tower,NaN,0.9733333333333334,NA,NA,NA,NA,NA
MOAB,MOAB_070,tower,NaN,1.0233333333333334,NA,NA,NA,NA,NA
MOAB,MOAB_071,tower,NaN,1.0766666666666667,NA,NA,NA,NA,NA
MOAB,MOAB_072,tower,NaN,0.97,NA,NA,NA,NA,NA
MOAB,MOAB_073,tower,1.49,0.8899999999999999,NA,NA,NA,NA,NA
OAES,OAES_042,tower,0.76,0.5633333333333334,NA,NA,0.89,M,0.17666666666666667
OAES,OAES_043,tower,NaN,1.23,NA,NA,0.86,M,0.15333333333333335
OAES,OAES_044,tower,0.75,0.7533333333333333,NA,NA,1.145,M,0.15
OAES,OAES_045,tower,1.68,1.3833333333333333,NA,NA,1,M,0.16333333333333333
OAES,OAES_046,tower,1.2,1.61,NA,NA,NA,NA,NA
OAES,OAES_047,tower,0.76,0.48,NA,NA,NA,NA,NA
OAES,OAES_048,tower,0.91,0.79,NA,NA,NA,NA,NA
OAES,OAES_049,tower,1.25,1.4683333333333333,NA,NA,NA,NA,NA
OAES,OAES_050,tower,0.97,1.05,NA,NA,NA,NA,NA
OAES,OAES_051,tower,NaN,1.9766666666666668,NA,NA,NA,NA,NA
OAES,OAES_052,tower,NaN,0.8666666666666667,NA,NA,NA,NA,NA
OAES,OAES_053,tower,1.68,1.5266666666666666,NA,NA,NA,NA,NA
OAES,OAES_054,tower,0.69,1.27,NA,NA,NA,NA,NA
OAES,OAES_055,tower,0.9,0.7016666666666667,NA,NA,NA,NA,NA
OAES,OAES_056,tower,0.92,0.6866666666666666,NA,NA,NA,NA,NA
OAES,OAES_057,tower,0.55,0.7816666666666667,NA,NA,NA,NA,NA
OAES,OAES_058,tower,NaN,0.7066666666666667,NA,NA,NA,NA,NA
OAES,OAES_059,tower,2.47,1.2833333333333334,NA,NA,NA,NA,NA
OAES,OAES_060,tower,0.73,0.9633333333333334,NA,NA,NA,NA,NA
OAES,OAES_061,tower,1.41,1.3966666666666667,NA,NA,NA,NA,NA
OAES,OAES_062,tower,NaN,0.43666666666666665,NA,NA,NA,NA,NA
OAES,OAES_063,tower,1.66,0.975,NA,NA,NA,NA,NA
OAES,OAES_064,tower,0.94,1.3333333333333333,NA,NA,NA,NA,NA
OAES,OAES_065,tower,NaN,0.5933333333333334,NA,NA,NA,NA,NA
OAES,OAES_066,tower,1.44,1.1166666666666667,NA,NA,NA,NA,NA
OAES,OAES_067,tower,0.66,0.8099999999999999,NA,NA,NA,NA,NA
OAES,OAES_068,tower,NaN,2.1399999999999997,NA,NA,NA,NA,NA
OAES,OAES_069,tower,0.32,0.8933333333333333,NA,NA,NA,NA,NA
OAES,OAES_070,tower,NaN,0.8566666666666667,NA,NA,NA,NA,NA
OAES,OAES_071,tower,NaN,0.7833333333333333,NA,NA,NA,NA,NA
ONAQ,ONAQ_041,tower,0.8,1,NA,NA,NA,M,0.07
ONAQ,ONAQ_042,tower,0.9,NaN,NA,NA,NA,M,0.07333333333333333
ONAQ,ONAQ_043,tower,0.5,1.0333333333333334,NA,NA,NA,M,0.07666666666666667
ONAQ,ONAQ_044,tower,NaN,1,NA,NA,NA,M,0.05666666666666667
ONAQ,ONAQ_045,tower,1.3,1.1,NA,NA,NA,NA,NA
ONAQ,ONAQ_046,tower,0.5,0.85,NA,NA,NA,NA,NA
ONAQ,ONAQ_047,tower,0.4,0.8,NA,NA,NA,NA,NA
ONAQ,ONAQ_048,tower,NaN,0.9,NA,NA,NA,NA,NA
ONAQ,ONAQ_049,tower,NaN,1.2,NA,NA,NA,NA,NA
ONAQ,ONAQ_050,tower,NaN,0.8500000000000001,NA,NA,NA,NA,NA
ONAQ,ONAQ_051,tower,0.5,0.9500000000000001,NA,NA,NA,NA,NA
ONAQ,ONAQ_052,tower,NaN,0.8,NA,NA,NA,NA,NA
ONAQ,ONAQ_053,tower,0.4,1.25,NA,NA,NA,NA,NA
ONAQ,ONAQ_054,tower,NaN,1.25,NA,NA,NA,NA,NA
ONAQ,ONAQ_055,tower,NaN,1,NA,NA,NA,NA,NA
ONAQ,ONAQ_056,tower,NaN,1,NA,NA,NA,NA,NA
ONAQ,ONAQ_057,tower,0.7,1,NA,NA,NA,NA,NA
ONAQ,ONAQ_058,tower,NaN,0.9,NA,NA,NA,NA,NA
ONAQ,ONAQ_059,tower,0.6,0.8,NA,NA,NA,NA,NA
ONAQ,ONAQ_060,tower,0.6,1.0333333333333334,NA,NA,NA,NA,NA
ONAQ,ONAQ_061,tower,0.7,0.9,NA,NA,NA,NA,NA
ONAQ,ONAQ_062,tower,0.8,0.8,NA,NA,NA,NA,NA
ONAQ,ONAQ_063,tower,NaN,0.8,NA,NA,NA,NA,NA
ONAQ,ONAQ_064,tower,NaN,1.1,NA,NA,NA,NA,NA
ONAQ,ONAQ_065,tower,NaN,1.2,NA,NA,NA,NA,NA
ONAQ,ONAQ_066,tower,0.5,0.8333333333333334,NA,NA,NA,NA,NA
ONAQ,ONAQ_067,tower,0.6,0.9,NA,NA,NA,NA,NA
ONAQ,ONAQ_068,tower,NaN,1.3,NA,NA,NA,NA,NA
ONAQ,ONAQ_069,tower,0.6,0.9,NA,NA,NA,NA,NA
ONAQ,ONAQ_070,tower,0.4,0.9,NA,NA,NA,NA,NA
ORNL,ORNL_036,tower,0.565,0.8316666666666667,0.91,NA,NA,NA,NA
ORNL,ORNL_037,tower,0.47,0.825,0.8,NA,NA,NA,NA
ORNL,ORNL_043,tower,0.3725,0.7016666666666667,0.675,QUMO4,1.835,M,0.05
ORNL,ORNL_043,tower,0.3725,0.7016666666666667,0.675,QUMO4,1.835,O,0.4033333333333334
ORNL,ORNL_043,tower,0.3725,0.7016666666666667,0.675,QURU,2.1,M,0.05
ORNL,ORNL_043,tower,0.3725,0.7016666666666667,0.675,QURU,2.1,O,0.4033333333333334
ORNL,ORNL_045,tower,0.8300000000000001,0.7016666666666667,0.6799999999999999,NA,NA,NA,NA
ORNL,ORNL_046,tower,0.44999999999999996,0.655,0.76,ACRU,1.68,M,0.08666666666666667
ORNL,ORNL_046,tower,0.44999999999999996,0.655,0.76,ACRU,1.68,O,0.45666666666666667
ORNL,ORNL_046,tower,0.44999999999999996,0.655,0.76,NYSY,1.59,M,0.08666666666666667
ORNL,ORNL_046,tower,0.44999999999999996,0.655,0.76,NYSY,1.59,O,0.45666666666666667
ORNL,ORNL_046,tower,0.44999999999999996,0.655,0.76,QURU,1.96,M,0.08666666666666667
ORNL,ORNL_046,tower,0.44999999999999996,0.655,0.76,QURU,1.96,O,0.45666666666666667
ORNL,ORNL_049,tower,0.61,0.9675,0.75,LITU,2.58,M,0.09333333333333334
ORNL,ORNL_049,tower,0.61,0.9675,0.75,LITU,2.58,O,0.3933333333333333
ORNL,ORNL_049,tower,0.61,0.9675,0.75,NYSY,1.8,M,0.09333333333333334
ORNL,ORNL_049,tower,0.61,0.9675,0.75,NYSY,1.8,O,0.3933333333333333
ORNL,ORNL_049,tower,0.61,0.9675,0.75,QURU,1.74,M,0.09333333333333334
ORNL,ORNL_049,tower,0.61,0.9675,0.75,QURU,1.74,O,0.3933333333333333
ORNL,ORNL_050,tower,0.46499999999999997,0.9783333333333333,0.74,NA,NA,NA,NA
ORNL,ORNL_051,tower,0.45499999999999996,0.7749999999999999,0.9,NA,NA,NA,NA
ORNL,ORNL_052,tower,0.355,0.7391666666666667,0.89,NA,NA,NA,NA
ORNL,ORNL_053,tower,0.435,0.9283333333333332,0.81,LIST2,1.56,M,0.08
ORNL,ORNL_053,tower,0.435,0.9283333333333332,0.81,LIST2,1.56,O,0.3333333333333333
ORNL,ORNL_053,tower,0.435,0.9283333333333332,0.81,LITU,2.48,M,0.08
ORNL,ORNL_053,tower,0.435,0.9283333333333332,0.81,LITU,2.48,O,0.3333333333333333
ORNL,ORNL_053,tower,0.435,0.9283333333333332,0.81,QURU,2.18,M,0.08
ORNL,ORNL_053,tower,0.435,0.9283333333333332,0.81,QURU,2.18,O,0.3333333333333333
ORNL,ORNL_054,tower,0.585,0.9233333333333333,0.74,NA,NA,NA,NA
ORNL,ORNL_055,tower,0.65,1.2391666666666667,1.13,NA,NA,NA,NA
ORNL,ORNL_056,tower,0.655,0.9850000000000001,1,NA,NA,NA,NA
ORNL,ORNL_057,tower,0.53,0.9183333333333334,0.87,NA,NA,NA,NA
ORNL,ORNL_058,tower,0.45999999999999996,0.7916666666666666,0.88,NA,NA,NA,NA
ORNL,ORNL_059,tower,0.47,0.7916666666666667,0.83,NA,NA,NA,NA
ORNL,ORNL_060,tower,0.635,0.905,0.93,NA,NA,NA,NA
ORNL,ORNL_061,tower,0.475,0.8616666666666667,0.74,NA,NA,NA,NA
ORNL,ORNL_062,tower,0.33,0.7983333333333333,0.83,NA,NA,NA,NA
ORNL,ORNL_063,tower,0.585,1.0525000000000002,0.785,NA,NA,NA,NA
SCBI,SCBI_045,tower,0.61,1.6458333333333335,1.04,FRAM2,2.22,M,0.21666666666666667
SCBI,SCBI_045,tower,0.61,1.6458333333333335,1.04,JUNI,2.46,M,0.21666666666666667
SCBI,SCBI_045,tower,0.61,1.6458333333333335,1.04,VITIS,2.045,M,0.21666666666666667
SCBI,SCBI_046,tower,0.6,1.0983333333333334,0.63,NA,NA,NA,NA
SCBI,SCBI_047,tower,0.7050000000000001,1.35,0.87,JUNI,2.61,M,0.22
SCBI,SCBI_047,tower,0.7050000000000001,1.35,0.87,LITU,2.53,M,0.22
SCBI,SCBI_047,tower,0.7050000000000001,1.35,0.87,SASSA,2.55,M,0.22
SCBI,SCBI_048,tower,0.835,1.6816666666666666,0.97,NA,NA,NA,NA
SCBI,SCBI_049,tower,0.53,1.0866666666666667,NA,JUNI,2.4,M,0.2
SCBI,SCBI_049,tower,0.53,1.0866666666666667,NA,LITU,2.28,M,0.2
SCBI,SCBI_049,tower,0.53,1.0866666666666667,NA,QURU,2.1,M,0.2
SCBI,SCBI_050,tower,1.3050000000000002,1.7208333333333332,NA,NA,NA,NA,NA
SCBI,SCBI_051,tower,0.795,1.5683333333333334,NA,NA,NA,NA,NA
SCBI,SCBI_052,tower,1.0250000000000001,1.6816666666666666,NA,NA,NA,NA,NA
SCBI,SCBI_053,tower,0.595,1.1633333333333333,0.86,NA,NA,NA,NA
SCBI,SCBI_054,tower,1.04,1.81,1.27,NA,NA,NA,NA
SCBI,SCBI_055,tower,0.5349999999999999,1.0616666666666668,NA,NA,NA,NA,NA
SCBI,SCBI_056,tower,1.075,1.6949999999999998,0.95,NA,NA,NA,NA
SCBI,SCBI_057,tower,0.645,1.08,NA,NA,NA,NA,NA
SCBI,SCBI_058,tower,0.75,1.5258333333333334,0.87,NA,NA,NA,NA
SCBI,SCBI_061,tower,0.925,1.9933333333333332,NA,NA,NA,NA,NA
SCBI,SCBI_062,tower,0.655,1.2883333333333336,0.87,NA,NA,NA,NA
SCBI,SCBI_063,tower,0.6174999999999999,1.4166666666666665,0.78,NA,NA,NA,NA
SCBI,SCBI_064,tower,0.62,1.035,0.9,NA,NA,NA,NA
SCBI,SCBI_066,tower,0.5549999999999999,0.9566666666666667,0.72,NA,NA,NA,NA
SCBI,SCBI_067,tower,1.3699999999999999,1.12375,NA,JUNI,2.91,M,0.29333333333333333
SCBI,SCBI_067,tower,1.3699999999999999,1.12375,NA,LITU,2.12,M,0.29333333333333333
SCBI,SCBI_067,tower,1.3699999999999999,1.12375,NA,VITIS,2.89,M,0.29333333333333333
SOAP,SOAP_031,tower,0.925,0.8633333333333333,1.0899999999999999,CADE27,0.7,M,0.10333333333333333
SOAP,SOAP_031,tower,0.925,0.8633333333333333,1.0899999999999999,PIPO,1.12,M,0.10333333333333333
SOAP,SOAP_031,tower,0.925,0.8633333333333333,1.0899999999999999,QUCH2,1,M,0.10333333333333333
SOAP,SOAP_031,tower,0.925,0.8633333333333333,1.0899999999999999,NA,1.5150000000000001,M,0.10333333333333333
SOAP,SOAP_043,tower,0.535,0.8816666666666666,0.7233333333333333,ARVIM,0.66,M,0.09
SOAP,SOAP_043,tower,0.535,0.8816666666666666,0.7233333333333333,PIPO,1.29,M,0.09
SOAP,SOAP_043,tower,0.535,0.8816666666666666,0.7233333333333333,QUKE,2.82,M,0.09
SOAP,SOAP_044,tower,0.475,0.8908333333333334,0.97,ARVIM,0.89,M,0.17333333333333334
SOAP,SOAP_044,tower,0.475,0.8908333333333334,0.97,QUCH2,1.16,M,0.17333333333333334
SOAP,SOAP_044,tower,0.475,0.8908333333333334,0.97,QUKE,1.93,M,0.17333333333333334
SOAP,SOAP_045,tower,0.8775,1.0783333333333334,1.29,ARVIM,0.94,M,0.20333333333333334
SOAP,SOAP_045,tower,0.8775,1.0783333333333334,1.29,CADE27,0.7,M,0.20333333333333334
SOAP,SOAP_045,tower,0.8775,1.0783333333333334,1.29,CEMOG,1.71,M,0.20333333333333334
SOAP,SOAP_045,tower,0.8775,1.0783333333333334,1.29,QUKE,2.75,M,0.20333333333333334
SOAP,SOAP_046,tower,0.6,0.8716666666666666,0.915,NA,NA,NA,NA
SOAP,SOAP_047,tower,0.675,0.9416666666666667,0.29,NA,NA,NA,NA
SOAP,SOAP_048,tower,0.495,0.8258333333333333,0.8266666666666667,NA,NA,NA,NA
SOAP,SOAP_049,tower,0.99,0.9608333333333333,1.335,NA,NA,NA,NA
SOAP,SOAP_050,tower,1.17,0.8933333333333333,0.53,NA,NA,NA,NA
SOAP,SOAP_051,tower,1.365,0.9983333333333333,0.44,NA,NA,NA,NA
SOAP,SOAP_052,tower,0.7975000000000001,0.9516666666666667,0.78,NA,NA,NA,NA
SOAP,SOAP_053,tower,0.59,0.8175000000000001,0.945,NA,NA,NA,NA
SOAP,SOAP_054,tower,0.5549999999999999,0.8916666666666666,0.71,NA,NA,NA,NA
SOAP,SOAP_055,tower,0.77,0.8583333333333334,1,NA,NA,NA,NA
SOAP,SOAP_056,tower,0.52,0.9458333333333333,1.26,NA,NA,NA,NA
SOAP,SOAP_057,tower,1.01,1.0333333333333332,0.95,NA,NA,NA,NA
SOAP,SOAP_058,tower,0.8700000000000001,1.0016666666666667,0.8200000000000001,NA,NA,NA,NA
SOAP,SOAP_059,tower,0.655,0.9841666666666667,1.24,NA,NA,NA,NA
SOAP,SOAP_060,tower,1.08,1.0366666666666666,0.75,NA,NA,NA,NA
SOAP,SOAP_061,tower,0.61,0.8658333333333332,0.9700000000000001,NA,NA,NA,NA
STEI,STEI_046,tower,0.25,0.6583333333333334,0.52,NA,NA,NA,NA
STEI,STEI_047,tower,0.33999999999999997,0.8200000000000001,0.71,ACRU,1.49,M,0.11666666666666667
STEI,STEI_047,tower,0.33999999999999997,0.8200000000000001,0.71,POTR5,2.36,M,0.11666666666666667
STEI,STEI_047,tower,0.33999999999999997,0.8200000000000001,0.71,TSCA,1.04,M,0.11666666666666667
STEI,STEI_048,tower,0.635,0.9383333333333334,0.635,NA,NA,NA,NA
STEI,STEI_049,tower,0.52,0.9033333333333333,0.655,NA,NA,NA,NA
STEI,STEI_050,tower,0.39,0.9266666666666667,1.08,NA,NA,NA,NA
STEI,STEI_051,tower,0.33499999999999996,0.7333333333333334,0.73,NA,NA,NA,NA
STEI,STEI_052,tower,0.41000000000000003,1.0283333333333333,1.01,NA,NA,NA,NA
STEI,STEI_053,tower,0.62,0.7833333333333334,1.21,POTR5,2.02,M,0.17333333333333334
STEI,STEI_053,tower,0.62,0.7833333333333334,1.21,TSCA,1.24,M,0.17333333333333334
STEI,STEI_054,tower,0.52,1.0108333333333333,1.15,NA,NA,NA,NA
STEI,STEI_055,tower,0.76,0.7849999999999999,0.95,NA,NA,NA,NA
STEI,STEI_056,tower,0.545,0.7666666666666666,1.1,NA,NA,NA,NA
STEI,STEI_057,tower,0.58,0.9291666666666667,0.94,NA,NA,NA,NA
STEI,STEI_058,tower,0.33,0.7766666666666666,0.68,NA,NA,NA,NA
STEI,STEI_059,tower,0.545,0.8466666666666667,0.93,ABBA,1.75,M,0.13333333333333333
STEI,STEI_059,tower,0.545,0.8466666666666667,0.93,POTR5,2.2,M,0.13333333333333333
STEI,STEI_059,tower,0.545,0.8466666666666667,0.93,QURU,2.24,M,0.13333333333333333
STEI,STEI_060,tower,0.37,0.9083333333333333,0.725,ABBA,1.46,M,0.44000000000000006
STEI,STEI_060,tower,0.37,0.9083333333333333,0.725,ABBA,1.46,O,1.0599999999999998
STEI,STEI_060,tower,0.37,0.9083333333333333,0.725,POGR4,2.75,M,0.44000000000000006
STEI,STEI_060,tower,0.37,0.9083333333333333,0.725,POGR4,2.75,O,1.0599999999999998
STEI,STEI_060,tower,0.37,0.9083333333333333,0.725,POTR5,2.005,M,0.44000000000000006
STEI,STEI_060,tower,0.37,0.9083333333333333,0.725,POTR5,2.005,O,1.0599999999999998
STEI,STEI_061,tower,0.375,0.8433333333333333,0.5,NA,NA,NA,NA
STEI,STEI_062,tower,0.49,0.9216666666666666,0.81,NA,NA,NA,NA
STER,STER_007,tower,NaN,1.34,NA,NA,NA,NA,NA
STER,STER_008,tower,NaN,1.5750000000000002,NA,NA,NA,NA,NA
STER,STER_009,tower,NaN,2.0999999999999996,NA,NA,NA,NA,NA
STER,STER_010,tower,NaN,1.13,NA,NA,NA,M,0.10333333333333333
STER,STER_011,tower,NaN,2.01,NA,NA,1.73,M,0.09999999999999999
STER,STER_012,tower,NaN,1.8,NA,NA,1.76,M,0.11666666666666667
STER,STER_013,tower,NaN,1.455,NA,NA,NA,NA,NA
STER,STER_014,tower,NaN,1.5750000000000002,NA,NA,NA,NA,NA
STER,STER_015,tower,NaN,1.415,NA,NA,NA,NA,NA
STER,STER_016,tower,NaN,1.62,NA,NA,NA,M,0.09
TALL,TALL_042,tower,0.36,0.8777777776666666,0.715,NA,NA,NA,NA
TALL,TALL_043,tower,0.25,0.8566666666666667,0.505,NA,NA,NA,NA
TALL,TALL_044,tower,0.33,0.77,0.47,LITU,2.18,M,0.04
TALL,TALL_044,tower,0.33,0.77,0.47,PIEC2,1.045,M,0.04
TALL,TALL_045,tower,0.275,0.8166666666666667,0.35333333333333333,NA,NA,NA,NA
TALL,TALL_046,tower,0.47,0.9316666666666666,0.49,NA,NA,NA,NA
TALL,TALL_047,tower,0.43,0.8783333333333333,0.555,LIST2,1.5950000000000002,M,0.07
TALL,TALL_047,tower,0.43,0.8783333333333333,0.555,LITU,2.33,M,0.07
TALL,TALL_047,tower,0.43,0.8783333333333333,0.555,PITA,1.22,M,0.07
TALL,TALL_048,tower,0.136666667,0.5700000000000001,0.195,NA,NA,NA,NA
TALL,TALL_049,tower,0.345,0.7083333333333334,0.39666666666666667,NA,NA,NA,NA
TALL,TALL_050,tower,0.186666667,0.42611111100000004,0.35333333333333333,NA,NA,NA,NA
TALL,TALL_051,tower,0.315,0.6483333333333333,0.485,PIPA2,0.88,M,0.05333333333333334
TALL,TALL_051,tower,0.315,0.6483333333333333,0.485,PITA,1.09,M,0.05333333333333334
TALL,TALL_051,tower,0.315,0.6483333333333333,0.485,QUAL,1.79,M,0.05333333333333334
TALL,TALL_052,tower,0.27,0.5283333333333333,0.585,NA,NA,NA,NA
TALL,TALL_053,tower,0.515,0.8194444443333333,0.4066666666666667,NA,NA,NA,NA
TALL,TALL_054,tower,0.39,0.76,0.44,LITU,2.55,M,0.043333333333333335
TALL,TALL_054,tower,0.39,0.76,0.44,PIEC2,0.96,M,0.043333333333333335
TALL,TALL_054,tower,0.39,0.76,0.44,PIPA2,0.89,M,0.043333333333333335
TALL,TALL_055,tower,0.465,0.7899999999999999,0.41333333333333333,NA,NA,NA,NA
TALL,TALL_056,tower,0.28,0.375,0.38,NA,NA,NA,NA
TALL,TALL_057,tower,0.33,0.7366666666666667,0.43666666666666665,NA,NA,NA,NA
TALL,TALL_058,tower,0.35,0.96,0.55,NA,NA,NA,NA
TALL,TALL_059,tower,0.73,1.3033333333333332,0.615,NA,NA,NA,NA
TALL,TALL_060,tower,0.43,0.9216666666666666,0.575,NA,NA,NA,NA
TALL,TALL_061,tower,0.27,0.5833333333333334,0.4,NA,NA,NA,NA
TOOL,TOOL_041,tower,0.56,0.805,NA,NA,1.69,M,0.15
TOOL,TOOL_041,tower,0.56,0.805,NA,NA,1.69,O,1.2566666666666668
TOOL,TOOL_042,tower,0.6,0.8266666666666667,NA,NA,1.95,M,0.20333333333333334
TOOL,TOOL_042,tower,0.6,0.8266666666666667,NA,NA,1.95,O,1.1433333333333333
TOOL,TOOL_043,tower,1.44,0.9266666666666667,NA,NA,1.8,M,0.12
TOOL,TOOL_043,tower,1.44,0.9266666666666667,NA,NA,1.8,O,1.19
TOOL,TOOL_044,tower,0.73,0.8033333333333333,NA,NA,2.1,M,0.19999999999999998
TOOL,TOOL_044,tower,0.73,0.8033333333333333,NA,NA,2.1,O,1.34
TOOL,TOOL_045,tower,0.73,0.86,NA,NA,NA,NA,NA
TOOL,TOOL_046,tower,0.7,1.0633333333333332,NA,NA,NA,NA,NA
TOOL,TOOL_047,tower,0.58,0.6533333333333333,NA,NA,NA,NA,NA
TOOL,TOOL_048,tower,0.71,0.8633333333333333,NA,NA,NA,NA,NA
TOOL,TOOL_049,tower,0.81,0.7733333333333333,NA,NA,NA,NA,NA
TOOL,TOOL_050,tower,0.74,0.7433333333333333,NA,NA,NA,NA,NA
TOOL,TOOL_051,tower,0.75,0.9533333333333333,NA,NA,NA,NA,NA
TOOL,TOOL_052,tower,0.61,0.7733333333333333,NA,NA,NA,NA,NA
TOOL,TOOL_053,tower,0.71,0.9400000000000001,NA,NA,NA,NA,NA
TOOL,TOOL_054,tower,0.87,0.9916666666666666,NA,NA,NA,NA,NA
TOOL,TOOL_055,tower,0.87,0.8200000000000001,NA,NA,NA,NA,NA
TOOL,TOOL_056,tower,0.83,0.865,NA,NA,NA,NA,NA
TOOL,TOOL_057,tower,0.95,1.2866666666666666,NA,NA,NA,NA,NA
TOOL,TOOL_058,tower,0.74,1.0866666666666667,NA,NA,NA,NA,NA
TOOL,TOOL_059,tower,0.86,0.8033333333333333,NA,NA,NA,NA,NA
TOOL,TOOL_060,tower,0.59,0.7266666666666667,NA,NA,NA,NA,NA
TOOL,TOOL_061,tower,0.69,0.7783333333333333,NA,NA,NA,NA,NA
TOOL,TOOL_062,tower,0.6,0.9766666666666666,NA,NA,NA,NA,NA
TOOL,TOOL_063,tower,0.7,0.88,NA,NA,NA,NA,NA
TOOL,TOOL_064,tower,0.68,0.8433333333333334,NA,NA,NA,NA,NA
TOOL,TOOL_065,tower,0.6,0.85,NA,NA,NA,NA,NA
TOOL,TOOL_066,tower,0.57,0.8166666666666667,NA,NA,NA,NA,NA
TOOL,TOOL_067,tower,0.73,0.7666666666666667,NA,NA,NA,NA,NA
TOOL,TOOL_068,tower,0.69,0.8566666666666667,NA,NA,NA,NA,NA
TOOL,TOOL_069,tower,0.64,0.8733333333333334,NA,NA,NA,NA,NA
TOOL,TOOL_070,tower,0.63,0.9033333333333334,NA,NA,NA,NA,NA
UKFS,UKFS_031,tower,1.21,2.205,1.32,CAOV2,2.69,M,0.32333333333333336
UKFS,UKFS_031,tower,1.21,2.205,1.32,CEOC,2.85,M,0.32333333333333336
UKFS,UKFS_031,tower,1.21,2.205,1.32,QUVE,2.3,M,0.32333333333333336
UKFS,UKFS_032,tower,0.485,0.9483333333333333,0.77,CAOV2,2.1,M,0.3
UKFS,UKFS_032,tower,0.485,0.9483333333333333,0.77,FRAXI,2.03,M,0.3
UKFS,UKFS_032,tower,0.485,0.9483333333333333,0.77,QUMU,2.18,M,0.3
UKFS,UKFS_043,tower,0.86,1.5975000000000001,1.54,CEOC,3.42,M,0.29666666666666663
UKFS,UKFS_043,tower,0.86,1.5975000000000001,1.54,FRAXI,2.51,M,0.29666666666666663
UKFS,UKFS_043,tower,0.86,1.5975000000000001,1.54,ULAM,2.8,M,0.29666666666666663
UKFS,UKFS_044,tower,0.61,1.1633333333333333,0.96,CEOC,2.68,M,0.3466666666666667
UKFS,UKFS_044,tower,0.61,1.1633333333333333,0.96,JUNI,3.0250000000000004,M,0.3466666666666667
UKFS,UKFS_044,tower,0.61,1.1633333333333333,0.96,QUMU,2.56,M,0.3466666666666667
UKFS,UKFS_045,tower,0.83,1.0766666666666667,1.01,NA,NA,NA,NA
UKFS,UKFS_046,tower,0.9975,1.6616666666666666,1.3,NA,NA,NA,NA
UKFS,UKFS_047,tower,1.08,1.8450000000000002,1.13,NA,NA,NA,NA
UKFS,UKFS_048,tower,1.055,1.335,1.26,NA,NA,NA,NA
UKFS,UKFS_049,tower,0.99,1.6641666666666666,1.21,NA,NA,NA,NA
UKFS,UKFS_050,tower,0.55,1.325,1.23,NA,NA,NA,NA
UKFS,UKFS_051,tower,0.28500000000000003,0.6666666666666667,0.99,NA,NA,NA,NA
UKFS,UKFS_052,tower,0.965,1.4216666666666669,1.15,NA,NA,NA,NA
UKFS,UKFS_053,tower,0.71,1.4075,0.92,NA,NA,NA,NA
UKFS,UKFS_054,tower,0.81,1.5899999999999999,1.02,NA,NA,NA,NA
UKFS,UKFS_055,tower,0.7050000000000001,1.575,1.05,NA,NA,NA,NA
UKFS,UKFS_056,tower,1.035,1.7366666666666666,1.23,NA,NA,NA,NA
UKFS,UKFS_057,tower,0.29000000000000004,0.6808333333333334,0.8300000000000001,NA,NA,NA,NA
UKFS,UKFS_058,tower,0.8,1.4008333333333334,1.03,NA,NA,NA,NA
UKFS,UKFS_059,tower,0.91,1.7266666666666666,1.5350000000000001,NA,NA,NA,NA
UKFS,UKFS_060,tower,0.97,1.4333333333333333,1.22,NA,NA,NA,NA
UNDE,UNDE_037,tower,0.3,0.7,0.7,NA,NA,NA,NA
UNDE,UNDE_045,tower,0.4,0.7666666666666666,0.84,NA,NA,NA,NA
UNDE,UNDE_047,tower,0.85,0.9833333333333334,0.86,NA,NA,NA,NA
UNDE,UNDE_048,tower,0.30000000000000004,0.6,0.6699999999999999,NA,NA,NA,NA
UNDE,UNDE_049,tower,0.65,1.2833333333333332,1.075,NA,NA,NA,NA
UNDE,UNDE_050,tower,0.5,0.8666666666666667,1.02,NA,NA,NA,NA
UNDE,UNDE_052,tower,0.45,0.7666666666666667,0.71,NA,NA,NA,NA
UNDE,UNDE_054,tower,0.32499999999999996,0.7166666666666667,0.7,NA,NA,NA,NA
UNDE,UNDE_055,tower,0.5,0.8166666666666667,0.74,NA,NA,NA,NA
UNDE,UNDE_056,tower,0.35,0.6499999999999999,0.715,NA,NA,NA,NA
UNDE,UNDE_057,tower,0.55,0.7833333333333333,0.65,NA,NA,NA,NA
UNDE,UNDE_058,tower,0.45,0.6166666666666667,0.67,NA,NA,NA,NA
UNDE,UNDE_059,tower,0.65,1.5,0.905,NA,NA,NA,NA
UNDE,UNDE_060,tower,0.55,1.0833333333333335,1.14,NA,NA,NA,NA
UNDE,UNDE_061,tower,0.6499999999999999,1,0.93,NA,NA,NA,NA
WOOD,WOOD_042,tower,0.715,0.81,NA,NA,1.1,NA,NA
WOOD,WOOD_043,tower,NaN,0.61,NA,NA,1.1,NA,NA
WOOD,WOOD_044,tower,NaN,0.65,NA,NA,1.1,NA,NA
WOOD,WOOD_045,tower,NaN,0.71,NA,NA,1.2,NA,NA
WOOD,WOOD_046,tower,NaN,0.81,NA,NA,NA,NA,NA
WOOD,WOOD_047,tower,NaN,0.75,NA,NA,NA,NA,NA
WOOD,WOOD_048,tower,NaN,0.66,NA,NA,NA,NA,NA
WOOD,WOOD_049,tower,NaN,0.57,NA,NA,NA,NA,NA
WOOD,WOOD_050,tower,NaN,0.58,NA,NA,NA,NA,NA
WOOD,WOOD_051,tower,0.67,0.64,NA,NA,NA,NA,NA
WOOD,WOOD_052,tower,NaN,0.785,NA,NA,NA,NA,NA
WOOD,WOOD_053,tower,NaN,1.1,NA,NA,NA,NA,NA
WOOD,WOOD_054,tower,0.52,0.78,NA,NA,NA,NA,NA
WOOD,WOOD_055,tower,NaN,0.75,NA,NA,NA,NA,NA
WOOD,WOOD_056,tower,0.32,1.23,NA,NA,NA,NA,NA
WOOD,WOOD_057,tower,0.42,0.65,NA,NA,NA,NA,NA
WOOD,WOOD_058,tower,NaN,0.89,NA,NA,NA,NA,NA
WOOD,WOOD_059,tower,NaN,0.51,NA,NA,NA,NA,NA
WOOD,WOOD_060,tower,NaN,0.62,NA,NA,NA,NA,NA
WOOD,WOOD_061,tower,0.63,0.795,NA,NA,NA,NA,NA
WOOD,WOOD_062,tower,0.34,0.7366666666666667,NA,NA,NA,NA,NA
WOOD,WOOD_063,tower,NaN,0.49,NA,NA,NA,NA,NA
WOOD,WOOD_064,tower,NaN,0.95,NA,NA,NA,NA,NA
WOOD,WOOD_065,tower,NaN,0.62,NA,NA,NA,NA,NA
WOOD,WOOD_066,tower,NaN,0.7,NA,NA,NA,NA,NA
WOOD,WOOD_067,tower,NaN,0.665,NA,NA,NA,NA,NA
WOOD,WOOD_068,tower,NaN,0.84,NA,NA,NA,NA,NA
WOOD,WOOD_070,tower,NaN,0.85,NA,NA,NA,NA,NA
WOOD,WOOD_071,tower,NaN,0.87,NA,NA,NA,NA,NA
GUAN,GUAN_042,tower,NA,NA,1.34,BUBU,1.56,M,2.115
GUAN,GUAN_042,tower,NA,NA,1.34,BUSI,2.07,M,2.115
GUAN,GUAN_042,tower,NA,NA,1.34,GUSA,2.89,M,2.115
GUAN,GUAN_046,tower,NA,NA,0.88,NA,NA,NA,NA
GUAN,GUAN_048,tower,NA,NA,1.97,BUBU,1.66,M,1.17
GUAN,GUAN_048,tower,NA,NA,1.97,BUSI,2.44,M,1.17
GUAN,GUAN_048,tower,NA,NA,1.97,PIAL3,3.68,M,1.17
UNDE,UNDE_038,tower,NA,NA,0.76,NA,NA,NA,NA
UNDE,UNDE_043,tower,NA,NA,0.7150000000000001,NA,NA,NA,NA
UNDE,UNDE_044,tower,NA,NA,1.055,NA,NA,NA,NA
UNDE,UNDE_065,tower,NA,NA,0.79,NA,NA,NA,NA
UNDE,UNDE_078,tower,NA,NA,0.815,NA,NA,NA,NA
DEJU,DEJU_001,distributed,NA,NA,NA,BENE4,3.165,M,0.22333333333333333
DEJU,DEJU_001,distributed,NA,NA,NA,BENE4,3.165,O,0.74
DEJU,DEJU_001,distributed,NA,NA,NA,PIMA,0.92,M,0.22333333333333333
DEJU,DEJU_001,distributed,NA,NA,NA,PIMA,0.92,O,0.74
DEJU,DEJU_002,distributed,NA,NA,NA,PIMA,0.84,M,0.06333333333333334
DEJU,DEJU_002,distributed,NA,NA,NA,PIMA,0.84,O,0.67
DEJU,DEJU_002,distributed,NA,NA,NA,POTR5,2.18,M,0.06333333333333334
DEJU,DEJU_002,distributed,NA,NA,NA,POTR5,2.18,O,0.67
DEJU,DEJU_003,distributed,NA,NA,NA,ALVI5,3.1,NA,NA
DEJU,DEJU_004,distributed,NA,NA,NA,POTR5,2.1075,NA,NA
DEJU,DEJU_006,distributed,NA,NA,NA,PIGL,0.7966666666666666,M,0.23666666666666666
DEJU,DEJU_006,distributed,NA,NA,NA,PIGL,0.7966666666666666,O,0.76
DEJU,DEJU_009,distributed,NA,NA,NA,PIGL,0.67,M,0.22
DEJU,DEJU_009,distributed,NA,NA,NA,PIGL,0.67,O,1.1066666666666667
DEJU,DEJU_009,distributed,NA,NA,NA,PIMA,0.76,M,0.22
DEJU,DEJU_009,distributed,NA,NA,NA,PIMA,0.76,O,1.1066666666666667
DEJU,DEJU_014,distributed,NA,NA,NA,PIGL,0.72,M,0.17333333333333334
DEJU,DEJU_014,distributed,NA,NA,NA,PIGL,0.72,O,0.8300000000000001
DEJU,DEJU_014,distributed,NA,NA,NA,PIMA,0.7633333333333333,M,0.17333333333333334
DEJU,DEJU_014,distributed,NA,NA,NA,PIMA,0.7633333333333333,O,0.8300000000000001
DEJU,DEJU_015,distributed,NA,NA,NA,BENE4,2.12,M,0.08
DEJU,DEJU_015,distributed,NA,NA,NA,BENE4,2.12,O,1
DEJU,DEJU_015,distributed,NA,NA,NA,POTR5,2.075,M,0.08
DEJU,DEJU_015,distributed,NA,NA,NA,POTR5,2.075,O,1
DEJU,DEJU_016,distributed,NA,NA,NA,PIMA,0.7733333333333333,NA,NA
DEJU,DEJU_017,distributed,NA,NA,NA,PIMA,0.7,NA,NA
DSNY,DSNY_001,distributed,NA,NA,NA,QUCH,1.27,M,0.023333333333333334
DSNY,DSNY_001,distributed,NA,NA,NA,QUMI2,1.09,M,0.023333333333333334
DSNY,DSNY_001,distributed,NA,NA,NA,SERE2,0.93,M,0.023333333333333334
DSNY,DSNY_002,distributed,NA,NA,NA,ILGL,0.81,NA,NA
DSNY,DSNY_002,distributed,NA,NA,NA,LYLU3,0.69,NA,NA
DSNY,DSNY_002,distributed,NA,NA,NA,SERE2,1.07,NA,NA
DSNY,DSNY_002,distributed,NA,NA,NA,NA,0.83,NA,NA
DSNY,DSNY_003,distributed,NA,NA,NA,LYLU3,1.35,M,0.05
DSNY,DSNY_003,distributed,NA,NA,NA,PIEL,1.045,M,0.05
DSNY,DSNY_003,distributed,NA,NA,NA,SERE2,1.29,M,0.05
DSNY,DSNY_003,distributed,NA,NA,NA,NA,1.35,M,0.05
DSNY,DSNY_004,distributed,NA,NA,NA,GAFR2,1.2,M,0.09333333333333334
DSNY,DSNY_004,distributed,NA,NA,NA,ILGL,1.16,M,0.09333333333333334
DSNY,DSNY_004,distributed,NA,NA,NA,SERE2,1.26,M,0.09333333333333334
DSNY,DSNY_004,distributed,NA,NA,NA,NA,0.83,M,0.09333333333333334
DSNY,DSNY_005,distributed,NA,NA,NA,LYLU3,0.6,M,0.03333333333333333
DSNY,DSNY_005,distributed,NA,NA,NA,QUGE2,1.18,M,0.03333333333333333
DSNY,DSNY_005,distributed,NA,NA,NA,QUMY,1.3,M,0.03333333333333333
DSNY,DSNY_006,distributed,NA,NA,NA,PIPA2,0.82,M,0.02
DSNY,DSNY_006,distributed,NA,NA,NA,QUMI2,1.22,M,0.02
DSNY,DSNY_006,distributed,NA,NA,NA,SERE2,1.06,M,0.02
DSNY,DSNY_006,distributed,NA,NA,NA,NA,0.87,M,0.02
DSNY,DSNY_007,distributed,NA,NA,NA,ILGL,0.9,NA,NA
DSNY,DSNY_007,distributed,NA,NA,NA,QUGE2,1.59,NA,NA
DSNY,DSNY_007,distributed,NA,NA,NA,SERE2,0.98,NA,NA
DSNY,DSNY_007,distributed,NA,NA,NA,NA,1.07,NA,NA
DSNY,DSNY_008,distributed,NA,NA,NA,PIEL,0.79,NA,NA
DSNY,DSNY_008,distributed,NA,NA,NA,QUMI2,1.03,NA,NA
DSNY,DSNY_008,distributed,NA,NA,NA,SERE2,0.82,NA,NA
DSNY,DSNY_008,distributed,NA,NA,NA,NA,0.76,NA,NA
DSNY,DSNY_009,distributed,NA,NA,NA,NA,1.01,M,0.05666666666666667
DSNY,DSNY_010,distributed,NA,NA,NA,PIPA2,0.72,NA,NA
DSNY,DSNY_010,distributed,NA,NA,NA,QUMI2,0.9,NA,NA
DSNY,DSNY_010,distributed,NA,NA,NA,SERE2,0.97,NA,NA
GRSM,GRSM_001,distributed,NA,NA,NA,BELE,2.3,NA,NA
GRSM,GRSM_001,distributed,NA,NA,NA,TSCA,1.9500000000000002,NA,NA
GRSM,GRSM_002,distributed,NA,NA,NA,ACRU,1.5,NA,NA
GRSM,GRSM_002,distributed,NA,NA,NA,OXYDE,1.9,NA,NA
GRSM,GRSM_002,distributed,NA,NA,NA,QUMO4,2.2,NA,NA
GRSM,GRSM_003,distributed,NA,NA,NA,ACRU,1.75,NA,NA
GRSM,GRSM_003,distributed,NA,NA,NA,HALES,2.1,NA,NA
GRSM,GRSM_006,distributed,NA,NA,NA,ACRU,1.5,NA,NA
GRSM,GRSM_006,distributed,NA,NA,NA,LITU,1.6,NA,NA
GRSM,GRSM_006,distributed,NA,NA,NA,TSCA,1.8,NA,NA
GRSM,GRSM_007,distributed,NA,NA,NA,ACRU,1.2999999999999998,NA,NA
GRSM,GRSM_007,distributed,NA,NA,NA,QUMO4,2.1,NA,NA
GRSM,GRSM_008,distributed,NA,NA,NA,LITU,2.2,NA,NA
GRSM,GRSM_008,distributed,NA,NA,NA,OXYDE,2.2,NA,NA
GRSM,GRSM_009,distributed,NA,NA,NA,ACRUR,1.9,NA,NA
GRSM,GRSM_009,distributed,NA,NA,NA,BELE,2.4,NA,NA
GRSM,GRSM_009,distributed,NA,NA,NA,QUMO4,2,NA,NA
GRSM,GRSM_010,distributed,NA,NA,NA,LITU,2.225,NA,NA
GRSM,GRSM_016,distributed,NA,NA,NA,ABIES,1.1,NA,NA
GRSM,GRSM_016,distributed,NA,NA,NA,BETUL,3.2,NA,NA
GRSM,GRSM_016,distributed,NA,NA,NA,PIRU,1,NA,NA
GRSM,GRSM_025,distributed,NA,NA,NA,ABIES,1.2,NA,NA
GRSM,GRSM_025,distributed,NA,NA,NA,BETUL,3.8,NA,NA
GRSM,GRSM_025,distributed,NA,NA,NA,PIRU,0.9,NA,NA
GRSM,GRSM_055,tower,NA,NA,NA,HALES,1.7,NA,NA
GRSM,GRSM_055,tower,NA,NA,NA,LITU,2.4,NA,NA
GRSM,GRSM_058,tower,NA,NA,NA,LITU,2.5,NA,NA
GRSM,GRSM_059,tower,NA,NA,NA,OXYDE,1.4,NA,NA
GRSM,GRSM_059,tower,NA,NA,NA,QUMO4,2,NA,NA
GRSM,GRSM_059,tower,NA,NA,NA,TSCA,1.2,NA,NA
GRSM,GRSM_060,tower,NA,NA,NA,ACRU,1.6,NA,NA
GRSM,GRSM_060,tower,NA,NA,NA,BELE,2.1,NA,NA
GUAN,GUAN_001,distributed,NA,NA,NA,BOSU2,1.69,M,0.69
GUAN,GUAN_001,distributed,NA,NA,NA,BUBU,1.63,M,0.69
GUAN,GUAN_001,distributed,NA,NA,NA,EURH,1.31,M,0.69
GUAN,GUAN_002,distributed,NA,NA,NA,AMEL,1.92,M,1.296
GUAN,GUAN_002,distributed,NA,NA,NA,BOURR,1.62,M,1.296
GUAN,GUAN_002,distributed,NA,NA,NA,BUBU,1.46,M,1.296
GUAN,GUAN_003,distributed,NA,NA,NA,AMEL,2.3,M,1.9666666666666666
GUAN,GUAN_003,distributed,NA,NA,NA,BUSI,2.12,M,1.9666666666666666
GUAN,GUAN_003,distributed,NA,NA,NA,PIAL3,3.39,M,1.9666666666666666
GUAN,GUAN_004,distributed,NA,NA,NA,BUBU,1.7,M,1.5116666666666667
GUAN,GUAN_004,distributed,NA,NA,NA,BUSI,2.225,M,1.5116666666666667
GUAN,GUAN_004,distributed,NA,NA,NA,PIAC,2.74,M,1.5116666666666667
GUAN,GUAN_005,distributed,NA,NA,NA,BUSI,2.19,NA,NA
GUAN,GUAN_005,distributed,NA,NA,NA,PIAL3,3.2,NA,NA
GUAN,GUAN_006,distributed,NA,NA,NA,BUBU,1.6,M,0.9416666666666667
GUAN,GUAN_006,distributed,NA,NA,NA,BUSI,2.12,M,0.9416666666666667
GUAN,GUAN_006,distributed,NA,NA,NA,GUOF,2.1,M,0.9416666666666667
GUAN,GUAN_007,distributed,NA,NA,NA,BUBU,1.37,M,2.1033333333333335
GUAN,GUAN_007,distributed,NA,NA,NA,BUSI,2.045,M,2.1033333333333335
GUAN,GUAN_007,distributed,NA,NA,NA,PIAL3,2.75,M,2.1033333333333335
GUAN,GUAN_008,distributed,NA,NA,NA,BUSI,1.61,NA,NA
GUAN,GUAN_008,distributed,NA,NA,NA,CODI8,1.47,NA,NA
GUAN,GUAN_008,distributed,NA,NA,NA,PIAC,2.5,NA,NA
GUAN,GUAN_009,distributed,NA,NA,NA,ACFA,3.48,NA,NA
GUAN,GUAN_009,distributed,NA,NA,NA,ACRE4,4.75,NA,NA
GUAN,GUAN_009,distributed,NA,NA,NA,JAFL,2.47,NA,NA
GUAN,GUAN_010,distributed,NA,NA,NA,AMEL,2.03,NA,NA
GUAN,GUAN_010,distributed,NA,NA,NA,BOSU2,1.48,NA,NA
GUAN,GUAN_010,distributed,NA,NA,NA,COKR,1.24,NA,NA
HARV,HARV_001,distributed,NA,NA,NA,ACRU,1.6,M,0.14
HARV,HARV_001,distributed,NA,NA,NA,ACRU,1.6,O,0.9966666666666667
HARV,HARV_001,distributed,NA,NA,NA,BELE,2,M,0.14
HARV,HARV_001,distributed,NA,NA,NA,BELE,2,O,0.9966666666666667
HARV,HARV_001,distributed,NA,NA,NA,QURU,1.91,M,0.14
HARV,HARV_001,distributed,NA,NA,NA,QURU,1.91,O,0.9966666666666667
HARV,HARV_002,distributed,NA,NA,NA,BELE,2.12,M,0.18333333333333332
HARV,HARV_002,distributed,NA,NA,NA,BELE,2.12,O,1.1199999999999999
HARV,HARV_002,distributed,NA,NA,NA,QURU,1.93,M,0.18333333333333332
HARV,HARV_002,distributed,NA,NA,NA,QURU,1.93,O,1.1199999999999999
HARV,HARV_004,distributed,NA,NA,NA,ACRU,1.84,M,0.27
HARV,HARV_004,distributed,NA,NA,NA,ACRU,1.84,O,0.9033333333333333
HARV,HARV_004,distributed,NA,NA,NA,CAOV2,2.63,M,0.27
HARV,HARV_004,distributed,NA,NA,NA,CAOV2,2.63,O,0.9033333333333333
HARV,HARV_004,distributed,NA,NA,NA,QUAL,2.25,M,0.27
HARV,HARV_004,distributed,NA,NA,NA,QUAL,2.25,O,0.9033333333333333
HARV,HARV_005,distributed,NA,NA,NA,ACRU,1.37,M,0.17
HARV,HARV_005,distributed,NA,NA,NA,ACRU,1.37,O,1.0233333333333334
HARV,HARV_005,distributed,NA,NA,NA,QURU,1.9066666666666667,M,0.17
HARV,HARV_005,distributed,NA,NA,NA,QURU,1.9066666666666667,O,1.0233333333333334
HARV,HARV_006,distributed,NA,NA,NA,QUAL,1.91,NA,NA
HARV,HARV_006,distributed,NA,NA,NA,QURU,1.81,NA,NA
HARV,HARV_006,distributed,NA,NA,NA,QUVE,1.65,NA,NA
HARV,HARV_010,distributed,NA,NA,NA,PIST,1.22,NA,NA
HARV,HARV_010,distributed,NA,NA,NA,QURU,1.57,NA,NA
HARV,HARV_010,distributed,NA,NA,NA,TSCA,1.65,NA,NA
HARV,HARV_013,distributed,NA,NA,NA,ACSA3,1.73,M,0.15333333333333335
HARV,HARV_013,distributed,NA,NA,NA,ACSA3,1.73,O,0.9866666666666666
HARV,HARV_013,distributed,NA,NA,NA,PIST,1.41,M,0.15333333333333335
HARV,HARV_013,distributed,NA,NA,NA,PIST,1.41,O,0.9866666666666666
HARV,HARV_013,distributed,NA,NA,NA,QURU,1.87,M,0.15333333333333335
HARV,HARV_013,distributed,NA,NA,NA,QURU,1.87,O,0.9866666666666666
HARV,HARV_020,distributed,NA,NA,NA,ACER,1.43,NA,NA
HARV,HARV_020,distributed,NA,NA,NA,ACRU,1.34,NA,NA
HARV,HARV_020,distributed,NA,NA,NA,FRAM2,1.4,NA,NA
HARV,HARV_021,distributed,NA,NA,NA,ACRU,1.57,M,0.24333333333333335
HARV,HARV_021,distributed,NA,NA,NA,ACRU,1.57,O,1.5033333333333334
HARV,HARV_021,distributed,NA,NA,NA,PIST,1.16,M,0.24333333333333335
HARV,HARV_021,distributed,NA,NA,NA,PIST,1.16,O,1.5033333333333334
HARV,HARV_022,distributed,NA,NA,NA,PIST,1.2966666666666666,NA,NA
JORN,JORN_001,distributed,NA,NA,NA,ATCA2,2.4633333333333334,M,0.026666666666666665
JORN,JORN_001,distributed,NA,NA,NA,PRGL2,3.05,M,0.026666666666666665
JORN,JORN_001,distributed,NA,NA,NA,NA,2.21,M,0.026666666666666665
JORN,JORN_002,distributed,NA,NA,NA,PRGL2,2.77,M,0.025
JORN,JORN_002,distributed,NA,NA,NA,YUEL,1.41,M,0.025
JORN,JORN_002,distributed,NA,NA,NA,NA,1.91,M,0.025
JORN,JORN_003,distributed,NA,NA,NA,PRGL2,3.0999999999999996,M,0.026666666666666665
JORN,JORN_003,distributed,NA,NA,NA,YUEL,1.66,M,0.026666666666666665
JORN,JORN_003,distributed,NA,NA,NA,NA,1.17,M,0.026666666666666665
JORN,JORN_004,distributed,NA,NA,NA,PRGL2,2.5533333333333332,M,0.03333333333333333
JORN,JORN_004,distributed,NA,NA,NA,NA,2.24,M,0.03333333333333333
JORN,JORN_005,distributed,NA,NA,NA,PRGL2,2.9450000000000003,M,0.023333333333333334
JORN,JORN_005,distributed,NA,NA,NA,YUEL,1.8,M,0.023333333333333334
JORN,JORN_005,distributed,NA,NA,NA,NA,1.95,M,0.023333333333333334
JORN,JORN_006,distributed,NA,NA,NA,PRGL2,2.5775,M,0.026666666666666665
JORN,JORN_006,distributed,NA,NA,NA,NA,1.03,M,0.026666666666666665
JORN,JORN_007,distributed,NA,NA,NA,PRGL2,3.025,NA,NA
JORN,JORN_007,distributed,NA,NA,NA,YUEL,1.83,NA,NA
JORN,JORN_007,distributed,NA,NA,NA,NA,1.48,NA,NA
JORN,JORN_008,distributed,NA,NA,NA,ATCA2,3.23,NA,NA
JORN,JORN_008,distributed,NA,NA,NA,PRGL2,3.25,NA,NA
JORN,JORN_009,distributed,NA,NA,NA,PRGL2,3.265,NA,NA
JORN,JORN_009,distributed,NA,NA,NA,YUEL,1.4,NA,NA
JORN,JORN_009,distributed,NA,NA,NA,NA,0.97,NA,NA
JORN,JORN_010,distributed,NA,NA,NA,PRGL2,2.736666666666667,NA,NA
JORN,JORN_010,distributed,NA,NA,NA,NA,2.15,NA,NA
KONZ,KONZ_001,distributed,NA,NA,NA,NA,1.63,M,0.32666666666666666
KONZ,KONZ_002,distributed,NA,NA,NA,NA,1.32,M,0.38
KONZ,KONZ_003,distributed,NA,NA,NA,NA,2,M,0.45999999999999996
KONZ,KONZ_004,distributed,NA,NA,NA,NA,1.51,M,0.31333333333333335
KONZ,KONZ_005,distributed,NA,NA,NA,NA,1.87,M,0.37333333333333335
KONZ,KONZ_006,distributed,NA,NA,NA,NA,1.31,NA,NA
KONZ,KONZ_007,distributed,NA,NA,NA,NA,0.99,NA,NA
KONZ,KONZ_008,distributed,NA,NA,NA,NA,1.69,NA,NA
KONZ,KONZ_009,distributed,NA,NA,NA,NA,1.56,NA,NA
KONZ,KONZ_010,distributed,NA,NA,NA,NA,1.41,NA,NA
KONZ,KONZ_011,distributed,NA,NA,NA,NA,1.12,NA,NA
KONZ,KONZ_012,distributed,NA,NA,NA,NA,1.88,NA,NA
KONZ,KONZ_013,distributed,NA,NA,NA,NA,1.49,NA,NA
KONZ,KONZ_014,distributed,NA,NA,NA,NA,1.74,NA,NA
KONZ,KONZ_024,distributed,NA,NA,NA,JUVI,0.715,M,0.3433333333333333
KONZ,KONZ_024,distributed,NA,NA,NA,QUMU,2.17,M,0.3433333333333333
KONZ,KONZ_024,distributed,NA,NA,NA,ULAM,1.8,M,0.3433333333333333
KONZ,KONZ_024,distributed,NA,NA,NA,NA,1.21,M,0.3433333333333333
KONZ,KONZ_025,distributed,NA,NA,NA,JUNI,2.97,NA,NA
KONZ,KONZ_025,distributed,NA,NA,NA,QUMU,2.505,NA,NA
KONZ,KONZ_025,distributed,NA,NA,NA,ULAM,2.32,NA,NA
LENO,LENO_001,distributed,NA,NA,NA,FRPE,2.86,M,0.15333333333333335
LENO,LENO_001,distributed,NA,NA,NA,PLOC,2,M,0.15333333333333335
LENO,LENO_002,distributed,NA,NA,NA,CACA18,1.68,M,0.23
LENO,LENO_002,distributed,NA,NA,NA,QULA3,1.96,M,0.23
LENO,LENO_002,distributed,NA,NA,NA,QUPH,1.89,M,0.23
LENO,LENO_003,distributed,NA,NA,NA,CELA,3.48,M,0.2566666666666667
LENO,LENO_003,distributed,NA,NA,NA,QUPA5,1.83,M,0.2566666666666667
LENO,LENO_004,distributed,NA,NA,NA,CACA18,1.99,M,0.12
LENO,LENO_004,distributed,NA,NA,NA,CELA,2.625,M,0.12
LENO,LENO_004,distributed,NA,NA,NA,QUPH,2.22,M,0.12
LENO,LENO_005,distributed,NA,NA,NA,PLOC,1.87,M,0.08666666666666667
LENO,LENO_005,distributed,NA,NA,NA,QUPA5,2.48,M,0.08666666666666667
LENO,LENO_006,distributed,NA,NA,NA,QUMI,2.29,M,0.24333333333333335
LENO,LENO_006,distributed,NA,NA,NA,QUPA5,1.95,M,0.24333333333333335
LENO,LENO_007,distributed,NA,NA,NA,LIST2,2.45,NA,NA
LENO,LENO_007,distributed,NA,NA,NA,QULA3,1.6266666666666667,NA,NA
LENO,LENO_009,distributed,NA,NA,NA,CACA18,2.18,NA,NA
LENO,LENO_009,distributed,NA,NA,NA,LIST2,2.47,NA,NA
LENO,LENO_009,distributed,NA,NA,NA,QUPA5,2.15,NA,NA
LENO,LENO_011,distributed,NA,NA,NA,CELA,2.82,NA,NA
LENO,LENO_011,distributed,NA,NA,NA,LIST2,2.62,NA,NA
LENO,LENO_011,distributed,NA,NA,NA,QUPH,1.96,NA,NA
LENO,LENO_012,distributed,NA,NA,NA,CACA18,2.12,NA,NA
LENO,LENO_012,distributed,NA,NA,NA,QUNI,1.98,NA,NA
LENO,LENO_012,distributed,NA,NA,NA,ULAM,2.22,NA,NA
MLBS,MLBS_001,distributed,NA,NA,NA,ACRU,2.23,M,0.16666666666666669
MLBS,MLBS_001,distributed,NA,NA,NA,ACRU,2.23,O,0.41
MLBS,MLBS_001,distributed,NA,NA,NA,BETUL,2.59,M,0.16666666666666669
MLBS,MLBS_001,distributed,NA,NA,NA,BETUL,2.59,O,0.41
MLBS,MLBS_001,distributed,NA,NA,NA,QURU,2.69,M,0.16666666666666669
MLBS,MLBS_001,distributed,NA,NA,NA,QURU,2.69,O,0.41
MLBS,MLBS_002,distributed,NA,NA,NA,AMLA,2.07,M,0.8833333333333334
MLBS,MLBS_002,distributed,NA,NA,NA,AMLA,2.07,O,1.8166666666666667
MLBS,MLBS_002,distributed,NA,NA,NA,BETUL,2.325,M,0.8833333333333334
MLBS,MLBS_002,distributed,NA,NA,NA,BETUL,2.325,O,1.8166666666666667
MLBS,MLBS_003,distributed,NA,NA,NA,ACRU,2.06,M,0.36666666666666664
MLBS,MLBS_003,distributed,NA,NA,NA,ACRU,2.06,O,1.1233333333333333
MLBS,MLBS_003,distributed,NA,NA,NA,QURU,2.48,M,0.36666666666666664
MLBS,MLBS_003,distributed,NA,NA,NA,QURU,2.48,O,1.1233333333333333
MLBS,MLBS_004,distributed,NA,NA,NA,ACRU,1.79,NA,NA
MLBS,MLBS_004,distributed,NA,NA,NA,QUAL,2.6550000000000002,NA,NA
MLBS,MLBS_004,distributed,NA,NA,NA,QURU,2.23,NA,NA
MLBS,MLBS_005,distributed,NA,NA,NA,ACRU,1.98,M,0.18
MLBS,MLBS_005,distributed,NA,NA,NA,ACRU,1.98,O,0.3
MLBS,MLBS_005,distributed,NA,NA,NA,QUAL,2.95,M,0.18
MLBS,MLBS_005,distributed,NA,NA,NA,QUAL,2.95,O,0.3
MLBS,MLBS_005,distributed,NA,NA,NA,QURU,2.46,M,0.18
MLBS,MLBS_005,distributed,NA,NA,NA,QURU,2.46,O,0.3
MLBS,MLBS_006,distributed,NA,NA,NA,PINUS,1.3766666666666667,M,0.08333333333333334
MLBS,MLBS_006,distributed,NA,NA,NA,PINUS,1.3766666666666667,O,0.5133333333333333
MLBS,MLBS_007,distributed,NA,NA,NA,QUAL,2.3866666666666667,M,0.06333333333333334
MLBS,MLBS_007,distributed,NA,NA,NA,QUAL,2.3866666666666667,O,0.35333333333333333
MLBS,MLBS_007,distributed,NA,NA,NA,QURU,2,M,0.06333333333333334
MLBS,MLBS_007,distributed,NA,NA,NA,QURU,2,O,0.35333333333333333
MLBS,MLBS_008,distributed,NA,NA,NA,LITU,3.0633333333333335,NA,NA
MLBS,MLBS_009,distributed,NA,NA,NA,QUAL,2.03,NA,NA
MLBS,MLBS_009,distributed,NA,NA,NA,QURU,2.2350000000000003,NA,NA
MLBS,MLBS_010,distributed,NA,NA,NA,ACRU,1.9,NA,NA
MLBS,MLBS_010,distributed,NA,NA,NA,AMLA,2.14,NA,NA
MLBS,MLBS_010,distributed,NA,NA,NA,QURU,2.24,NA,NA
MOAB,MOAB_001,distributed,NA,NA,NA,NA,1.9,M,0.05333333333333334
MOAB,MOAB_002,distributed,NA,NA,NA,NA,1.26,M,0.03333333333333333
MOAB,MOAB_003,distributed,NA,NA,NA,JUOS,0.6,M,0.14500000000000002
MOAB,MOAB_003,distributed,NA,NA,NA,PIED,0.97,M,0.14500000000000002
MOAB,MOAB_004,distributed,NA,NA,NA,NA,2.02,M,0.035
MOAB,MOAB_005,distributed,NA,NA,NA,NA,1.84,M,0.043333333333333335
MOAB,MOAB_006,distributed,NA,NA,NA,NA,1.27,M,0.028333333333333332
MOAB,MOAB_007,distributed,NA,NA,NA,ARTR2,1.7233333333333334,NA,NA
MOAB,MOAB_009,distributed,NA,NA,NA,NA,1.29,NA,NA
MOAB,MOAB_010,distributed,NA,NA,NA,NA,1.67,NA,NA
MOAB,MOAB_024,distributed,NA,NA,NA,JUOS,0.66,NA,NA
MOAB,MOAB_024,distributed,NA,NA,NA,PIED,0.84,NA,NA
OAES,OAES_001,distributed,NA,NA,NA,NA,1.03,M,0.13
OAES,OAES_002,distributed,NA,NA,NA,NA,0.69,M,0.17666666666666667
OAES,OAES_003,distributed,NA,NA,NA,NA,0.7,M,0.18
OAES,OAES_004,distributed,NA,NA,NA,NA,1.34,M,0.17
OAES,OAES_005,distributed,NA,NA,NA,NA,0.75,NA,NA
OAES,OAES_006,distributed,NA,NA,NA,NA,0.57,NA,NA
OAES,OAES_007,distributed,NA,NA,NA,NA,0.75,M,0.09
OAES,OAES_008,distributed,NA,NA,NA,NA,0.42,NA,NA
OAES,OAES_009,distributed,NA,NA,NA,NA,1.06,M,0.1
OAES,OAES_010,distributed,NA,NA,NA,NA,0.48,NA,NA
OAES,OAES_011,distributed,NA,NA,NA,NA,0.52,NA,NA
OAES,OAES_012,distributed,NA,NA,NA,NA,0.73,NA,NA
OAES,OAES_013,distributed,NA,NA,NA,NA,1.02,NA,NA
OAES,OAES_021,distributed,NA,NA,NA,NA,1.1,NA,NA
OAES,OAES_022,distributed,NA,NA,NA,NA,0.82,NA,NA
OAES,OAES_023,distributed,NA,NA,NA,NA,1.2,NA,NA
ORNL,ORNL_001,distributed,NA,NA,NA,ACRU,1.6,M,0.08666666666666667
ORNL,ORNL_001,distributed,NA,NA,NA,ACRU,1.6,O,0.6066666666666667
ORNL,ORNL_001,distributed,NA,NA,NA,PINUS,0.9,M,0.08666666666666667
ORNL,ORNL_001,distributed,NA,NA,NA,PINUS,0.9,O,0.6066666666666667
ORNL,ORNL_002,distributed,NA,NA,NA,ACRU,1.86,M,0.060000000000000005
ORNL,ORNL_002,distributed,NA,NA,NA,ACRU,1.86,O,0.32666666666666666
ORNL,ORNL_002,distributed,NA,NA,NA,LIST2,1.69,M,0.060000000000000005
ORNL,ORNL_002,distributed,NA,NA,NA,LIST2,1.69,O,0.32666666666666666
ORNL,ORNL_002,distributed,NA,NA,NA,QUMO4,1.88,M,0.060000000000000005
ORNL,ORNL_002,distributed,NA,NA,NA,QUMO4,1.88,O,0.32666666666666666
ORNL,ORNL_003,distributed,NA,NA,NA,ACRU,1.69,M,0.1
ORNL,ORNL_003,distributed,NA,NA,NA,ACRU,1.69,O,0.30333333333333334
ORNL,ORNL_003,distributed,NA,NA,NA,QUAL,1.8199999999999998,M,0.1
ORNL,ORNL_003,distributed,NA,NA,NA,QUAL,1.8199999999999998,O,0.30333333333333334
ORNL,ORNL_004,distributed,NA,NA,NA,QUAL,1.795,NA,NA
ORNL,ORNL_006,distributed,NA,NA,NA,LIST2,1.83,NA,NA
ORNL,ORNL_006,distributed,NA,NA,NA,LITU,2.25,NA,NA
ORNL,ORNL_007,distributed,NA,NA,NA,ACRU,1.7,NA,NA
ORNL,ORNL_007,distributed,NA,NA,NA,JUVI,1.18,NA,NA
ORNL,ORNL_007,distributed,NA,NA,NA,LITU,1.81,NA,NA
ORNL,ORNL_008,distributed,NA,NA,NA,ACRU,2.13,NA,NA
ORNL,ORNL_008,distributed,NA,NA,NA,LITU,2.34,NA,NA
ORNL,ORNL_008,distributed,NA,NA,NA,QUAL,1.76,NA,NA
ORNL,ORNL_009,distributed,NA,NA,NA,NYSY,1.4500000000000002,NA,NA
ORNL,ORNL_009,distributed,NA,NA,NA,PINUS,1.2,NA,NA
ORNL,ORNL_021,distributed,NA,NA,NA,NA,2.86,M,0.08
ORNL,ORNL_021,distributed,NA,NA,NA,NA,2.86,O,0.43
ORNL,ORNL_027,distributed,NA,NA,NA,JUVI,1.14,M,0.09
ORNL,ORNL_027,distributed,NA,NA,NA,JUVI,1.14,O,0.2833333333333333
SCBI,SCBI_002,distributed,NA,NA,NA,FRAM2,2.12,NA,NA
SCBI,SCBI_002,distributed,NA,NA,NA,JUNI,2.83,NA,NA
SCBI,SCBI_002,distributed,NA,NA,NA,LITU,2.46,NA,NA
SCBI,SCBI_003,distributed,NA,NA,NA,CAOV3,2.04,M,0.42333333333333334
SCBI,SCBI_003,distributed,NA,NA,NA,QURU,2.14,M,0.42333333333333334
SCBI,SCBI_003,distributed,NA,NA,NA,SASSA,2.89,M,0.42333333333333334
SCBI,SCBI_004,distributed,NA,NA,NA,FRAM2,1.92,M,0.17333333333333334
SCBI,SCBI_004,distributed,NA,NA,NA,JUNI,2.25,M,0.17333333333333334
SCBI,SCBI_004,distributed,NA,NA,NA,QUVE,2.09,M,0.17333333333333334
SCBI,SCBI_005,distributed,NA,NA,NA,FRAM2,2.24,M,0.21666666666666667
SCBI,SCBI_005,distributed,NA,NA,NA,LITU,2.29,M,0.21666666666666667
SCBI,SCBI_005,distributed,NA,NA,NA,QUAL,2.55,M,0.21666666666666667
SCBI,SCBI_005,distributed,NA,NA,NA,NA,0.97,M,0.21666666666666667
SCBI,SCBI_006,distributed,NA,NA,NA,NA,0.95,M,0.17333333333333334
SCBI,SCBI_007,distributed,NA,NA,NA,CATO6,2.78,NA,NA
SCBI,SCBI_007,distributed,NA,NA,NA,LITU,2.33,NA,NA
SCBI,SCBI_007,distributed,NA,NA,NA,QURU,2.23,NA,NA
SCBI,SCBI_008,distributed,NA,NA,NA,QUAL,2.43,M,0.16333333333333333
SCBI,SCBI_008,distributed,NA,NA,NA,QUMO4,2.66,M,0.16333333333333333
SCBI,SCBI_008,distributed,NA,NA,NA,QURU,2.2,M,0.16333333333333333
SCBI,SCBI_010,distributed,NA,NA,NA,ACNEN,2.965,NA,NA
SCBI,SCBI_010,distributed,NA,NA,NA,VITIS,2.545,NA,NA
SCBI,SCBI_011,distributed,NA,NA,NA,LITU,2.2866666666666666,NA,NA
SCBI,SCBI_013,distributed,NA,NA,NA,LITU,2.26,NA,NA
SCBI,SCBI_013,distributed,NA,NA,NA,QUMO4,2.26,NA,NA
SCBI,SCBI_013,distributed,NA,NA,NA,QURU,2.78,NA,NA
SERC,SERC_001,distributed,NA,NA,NA,ACRU,1.85,M,0.16333333333333333
SERC,SERC_001,distributed,NA,NA,NA,LIST2,1.6,M,0.16333333333333333
SERC,SERC_001,distributed,NA,NA,NA,LITU,2,M,0.16333333333333333
SERC,SERC_002,distributed,NA,NA,NA,LIST2,1.3,M,0.14
SERC,SERC_002,distributed,NA,NA,NA,LITU,1.4,M,0.14
SERC,SERC_002,distributed,NA,NA,NA,QUAL,1.9,M,0.14
SERC,SERC_003,distributed,NA,NA,NA,FAGR,1.8,M,0.10333333333333333
SERC,SERC_003,distributed,NA,NA,NA,LIST2,1.3,M,0.10333333333333333
SERC,SERC_003,distributed,NA,NA,NA,LITU,2.1,M,0.10333333333333333
SERC,SERC_003,distributed,NA,NA,NA,NA,1.2,M,0.10333333333333333
SERC,SERC_005,distributed,NA,NA,NA,FAGR,1.85,M,0.19
SERC,SERC_005,distributed,NA,NA,NA,LITU,2.4,M,0.19
SERC,SERC_005,distributed,NA,NA,NA,QUAL,1.9,M,0.19
SERC,SERC_006,distributed,NA,NA,NA,LIST2,1.2,NA,NA
SERC,SERC_006,distributed,NA,NA,NA,LITU,2.1,NA,NA
SERC,SERC_006,distributed,NA,NA,NA,PRSES,2.4,NA,NA
SERC,SERC_007,distributed,NA,NA,NA,NA,4.3,M,0.10333333333333333
SERC,SERC_008,distributed,NA,NA,NA,NA,4,NA,NA
SERC,SERC_009,distributed,NA,NA,NA,CATO6,1.7,NA,NA
SERC,SERC_009,distributed,NA,NA,NA,FAGR,2.4,NA,NA
SERC,SERC_009,distributed,NA,NA,NA,LITU,1.9,NA,NA
SERC,SERC_044,tower,NA,NA,NA,ACRU,1.4,M,0.12333333333333334
SERC,SERC_044,tower,NA,NA,NA,LIST2,1.5,M,0.12333333333333334
SERC,SERC_044,tower,NA,NA,NA,LITU,2.7,M,0.12333333333333334
SERC,SERC_045,tower,NA,NA,NA,ACRU,1.1,M,0.15666666666666668
SERC,SERC_045,tower,NA,NA,NA,CATO6,2.8,M,0.15666666666666668
SERC,SERC_045,tower,NA,NA,NA,FAGR,1.2,M,0.15666666666666668
SERC,SERC_047,tower,NA,NA,NA,CATO6,1.7,M,0.12
SERC,SERC_047,tower,NA,NA,NA,LITU,2,M,0.12
SERC,SERC_047,tower,NA,NA,NA,QUAL,1.9,M,0.12
SERC,SERC_049,tower,NA,NA,NA,FAGR,1.8,M,0.10666666666666666
SERC,SERC_049,tower,NA,NA,NA,LIST2,1.3,M,0.10666666666666666
SERC,SERC_049,tower,NA,NA,NA,QUAL,1.7,M,0.10666666666666666
SOAP,SOAP_001,distributed,NA,NA,NA,CEIN3,2.325,M,0.16666666666666666
SOAP,SOAP_001,distributed,NA,NA,NA,CEMOG,2.14,M,0.16666666666666666
SOAP,SOAP_002,distributed,NA,NA,NA,CADE27,1.08,M,0.18666666666666668
SOAP,SOAP_002,distributed,NA,NA,NA,NA,1.3900000000000001,M,0.18666666666666668
SOAP,SOAP_003,distributed,NA,NA,NA,NA,0.57,M,0.09666666666666666
SOAP,SOAP_004,distributed,NA,NA,NA,CEIN3,3.05,M,0.185
SOAP,SOAP_004,distributed,NA,NA,NA,CEIN3,3.05,O,0.24
SOAP,SOAP_004,distributed,NA,NA,NA,PIPO,1.24,M,0.185
SOAP,SOAP_004,distributed,NA,NA,NA,PIPO,1.24,O,0.24
SOAP,SOAP_005,distributed,NA,NA,NA,CADE27,1.49,M,0.13666666666666666
SOAP,SOAP_005,distributed,NA,NA,NA,QUCH2,1.14,M,0.13666666666666666
SOAP,SOAP_005,distributed,NA,NA,NA,QUKE,2,M,0.13666666666666666
SOAP,SOAP_006,distributed,NA,NA,NA,NA,1.97,NA,NA
SOAP,SOAP_007,distributed,NA,NA,NA,NA,1.4449999999999998,NA,NA
SOAP,SOAP_008,distributed,NA,NA,NA,NA,1.44,NA,NA
SOAP,SOAP_009,distributed,NA,NA,NA,CEMOG,1.97,NA,NA
SOAP,SOAP_009,distributed,NA,NA,NA,QUCH2,1.2,NA,NA
SOAP,SOAP_011,distributed,NA,NA,NA,CONU4,1.7733333333333332,NA,NA
STEI,STEI_001,distributed,NA,NA,NA,ACSA3,1.61,M,0.7566666666666666
STEI,STEI_001,distributed,NA,NA,NA,OSVI,2.25,M,0.7566666666666666
STEI,STEI_001,distributed,NA,NA,NA,TIAM,2.66,M,0.7566666666666666
STEI,STEI_002,distributed,NA,NA,NA,ACSA3,1.79,M,0.14
STEI,STEI_002,distributed,NA,NA,NA,OSVI,2.48,M,0.14
STEI,STEI_003,distributed,NA,NA,NA,ACRU,1.74,M,0.12666666666666665
STEI,STEI_003,distributed,NA,NA,NA,ACSA3,1.51,M,0.12666666666666665
STEI,STEI_003,distributed,NA,NA,NA,POTR5,2.49,M,0.12666666666666665
STEI,STEI_004,distributed,NA,NA,NA,FRPE,2.07,M,0.16333333333333333
STEI,STEI_004,distributed,NA,NA,NA,POGR4,2.4699999999999998,M,0.16333333333333333
STEI,STEI_005,distributed,NA,NA,NA,QURU,2.56,NA,NA
STEI,STEI_006,distributed,NA,NA,NA,BEPA,2.11,NA,NA
STEI,STEI_006,distributed,NA,NA,NA,FRPE,2.18,NA,NA
STEI,STEI_006,distributed,NA,NA,NA,POTR5,2.54,NA,NA
STEI,STEI_007,distributed,NA,NA,NA,ACSA3,1.91,NA,NA
STEI,STEI_007,distributed,NA,NA,NA,FRPE,2.02,NA,NA
STEI,STEI_007,distributed,NA,NA,NA,QURU,2.71,NA,NA
STEI,STEI_008,distributed,NA,NA,NA,ABBA,1.56,M,0.09
STEI,STEI_008,distributed,NA,NA,NA,PINUS,1.11,M,0.09
STEI,STEI_008,distributed,NA,NA,NA,QUMA2,2.68,M,0.09
STEI,STEI_009,distributed,NA,NA,NA,BEPA,2.28,NA,NA
STEI,STEI_009,distributed,NA,NA,NA,OSVI,1.93,NA,NA
STEI,STEI_009,distributed,NA,NA,NA,TIAM,2.55,NA,NA
STEI,STEI_021,distributed,NA,NA,NA,ALNUS,2.7275,M,1.74
STEI,STEI_021,distributed,NA,NA,NA,ALNUS,2.7275,O,2.4050000000000002
STER,STER_006,distributed,NA,NA,NA,NA,1.5,M,0.10333333333333333
STER,STER_018,distributed,NA,NA,NA,NA,1.96,NA,NA
STER,STER_027,distributed,NA,NA,NA,NA,0.63,M,0.09
STER,STER_028,distributed,NA,NA,NA,NA,1.03,M,0.09333333333333334
STER,STER_029,distributed,NA,NA,NA,NA,1.01,M,0.08
STER,STER_031,distributed,NA,NA,NA,NA,0.6599999999999999,M,0.08333333333333333
STER,STER_032,distributed,NA,NA,NA,NA,1.55,NA,NA
STER,STER_033,distributed,NA,NA,NA,NA,2.27,NA,NA
STER,STER_034,distributed,NA,NA,NA,NA,0.72,NA,NA
STER,STER_035,distributed,NA,NA,NA,NA,0.82,NA,NA
TALL,TALL_001,distributed,NA,NA,NA,NYSY,1.2466666666666666,M,0.09
TALL,TALL_001,distributed,NA,NA,NA,NYSY,1.2466666666666666,O,0.26666666666666666
TALL,TALL_002,distributed,NA,NA,NA,LIST2,1.63,M,0.05333333333333334
TALL,TALL_002,distributed,NA,NA,NA,PITA,1.45,M,0.05333333333333334
TALL,TALL_002,distributed,NA,NA,NA,QUMO4,1.91,M,0.05333333333333334
TALL,TALL_003,distributed,NA,NA,NA,LIST2,1.58,M,0.05666666666666667
TALL,TALL_003,distributed,NA,NA,NA,QUFA,1.8,M,0.05666666666666667
TALL,TALL_004,distributed,NA,NA,NA,PIPA2,0.845,M,0.03666666666666667
TALL,TALL_004,distributed,NA,NA,NA,PITA,1.12,M,0.03666666666666667
TALL,TALL_005,distributed,NA,NA,NA,PIPA2,0.7749999999999999,NA,NA
TALL,TALL_005,distributed,NA,NA,NA,QUFA,1.66,NA,NA
TALL,TALL_006,distributed,NA,NA,NA,LIST2,1.57,M,0.04666666666666667
TALL,TALL_006,distributed,NA,NA,NA,QUFA,1.5299999999999998,M,0.04666666666666667
TALL,TALL_007,distributed,NA,NA,NA,LITU,2.78,M,0.056666666666666664
TALL,TALL_007,distributed,NA,NA,NA,LITU,2.78,O,0.3
TALL,TALL_007,distributed,NA,NA,NA,PIPA2,0.575,M,0.056666666666666664
TALL,TALL_007,distributed,NA,NA,NA,PIPA2,0.575,O,0.3
TALL,TALL_007,distributed,NA,NA,NA,QUAL,1.52,M,0.056666666666666664
TALL,TALL_007,distributed,NA,NA,NA,QUAL,1.52,O,0.3
TALL,TALL_008,distributed,NA,NA,NA,QUAL,1.605,NA,NA
TALL,TALL_008,distributed,NA,NA,NA,QUMO4,1.665,NA,NA
TALL,TALL_009,distributed,NA,NA,NA,LIST2,1.63,NA,NA
TALL,TALL_009,distributed,NA,NA,NA,QUAL,1.68,NA,NA
TALL,TALL_013,distributed,NA,NA,NA,NYSY,1.39,NA,NA
TALL,TALL_013,distributed,NA,NA,NA,PIPA2,0.73,NA,NA
TOOL,TOOL_001,distributed,NA,NA,NA,NA,2.09,M,0.7050000000000001
TOOL,TOOL_001,distributed,NA,NA,NA,NA,2.09,O,1.2933333333333334
TOOL,TOOL_002,distributed,NA,NA,NA,NA,1.85,M,0.385
TOOL,TOOL_002,distributed,NA,NA,NA,NA,1.85,O,2.0733333333333333
TOOL,TOOL_003,distributed,NA,NA,NA,NA,2.1,O,1.97
TOOL,TOOL_004,distributed,NA,NA,NA,NA,1.86,M,0.18
TOOL,TOOL_004,distributed,NA,NA,NA,NA,1.86,O,1.47
TOOL,TOOL_005,distributed,NA,NA,NA,NA,2.45,M,0.31333333333333335
TOOL,TOOL_005,distributed,NA,NA,NA,NA,2.45,O,1.3299999999999998
TOOL,TOOL_006,distributed,NA,NA,NA,NA,1.98,M,0.32
TOOL,TOOL_006,distributed,NA,NA,NA,NA,1.98,O,1.8733333333333333
TOOL,TOOL_009,distributed,NA,NA,NA,NA,2.01,NA,NA
TOOL,TOOL_010,distributed,NA,NA,NA,NA,2.08,NA,NA
TOOL,TOOL_011,distributed,NA,NA,NA,NA,2.17,NA,NA
TOOL,TOOL_012,distributed,NA,NA,NA,NA,2.17,NA,NA
TOOL,TOOL_013,distributed,NA,NA,NA,NA,1.775,NA,NA
TOOL,TOOL_014,distributed,NA,NA,NA,NA,2.55,NA,NA
TOOL,TOOL_016,distributed,NA,NA,NA,NA,2,NA,NA
TOOL,TOOL_017,distributed,NA,NA,NA,NA,2.39,NA,NA
UKFS,UKFS_001,distributed,NA,NA,NA,CAOV2,2.32,M,0.38
UKFS,UKFS_001,distributed,NA,NA,NA,JUNI,2.89,M,0.38
UKFS,UKFS_001,distributed,NA,NA,NA,ULAM,2.59,M,0.38
UKFS,UKFS_002,distributed,NA,NA,NA,CEOC,3.2,M,0.38666666666666666
UKFS,UKFS_002,distributed,NA,NA,NA,MAPO,2.99,M,0.38666666666666666
UKFS,UKFS_002,distributed,NA,NA,NA,ULAM,2.65,M,0.38666666666666666
UKFS,UKFS_003,distributed,NA,NA,NA,MAPO,2.94,M,0.23333333333333334
UKFS,UKFS_003,distributed,NA,NA,NA,MOAL,3.07,M,0.23333333333333334
UKFS,UKFS_003,distributed,NA,NA,NA,ULAM,2.215,M,0.23333333333333334
UKFS,UKFS_004,distributed,NA,NA,NA,FRAXI,2,M,0.29000000000000004
UKFS,UKFS_004,distributed,NA,NA,NA,MAPO,2.89,M,0.29000000000000004
UKFS,UKFS_004,distributed,NA,NA,NA,QUMU,2.36,M,0.29000000000000004
UKFS,UKFS_005,distributed,NA,NA,NA,CAOV2,2.17,M,0.2866666666666667
UKFS,UKFS_005,distributed,NA,NA,NA,QURU,2.45,M,0.2866666666666667
UKFS,UKFS_005,distributed,NA,NA,NA,ULAM,2.22,M,0.2866666666666667
UKFS,UKFS_006,distributed,NA,NA,NA,CECA4,2.7,NA,NA
UKFS,UKFS_006,distributed,NA,NA,NA,JUNI,2.82,NA,NA
UKFS,UKFS_006,distributed,NA,NA,NA,MAPO,2.625,NA,NA
UKFS,UKFS_007,distributed,NA,NA,NA,JUNI,2.96,NA,NA
UKFS,UKFS_007,distributed,NA,NA,NA,QUMU,2.96,NA,NA
UKFS,UKFS_007,distributed,NA,NA,NA,ULAM,2.53,NA,NA
UKFS,UKFS_008,distributed,NA,NA,NA,CAOV2,2.57,NA,NA
UKFS,UKFS_008,distributed,NA,NA,NA,CECA4,3.08,NA,NA
UKFS,UKFS_008,distributed,NA,NA,NA,CEOC,3.52,NA,NA
UKFS,UKFS_009,distributed,NA,NA,NA,NA,1.16,M,0.15
UKFS,UKFS_010,distributed,NA,NA,NA,JUNI,2.34,NA,NA
UKFS,UKFS_010,distributed,NA,NA,NA,QUMU,2.37,NA,NA
UKFS,UKFS_010,distributed,NA,NA,NA,ULAM,1.46,NA,NA
WOOD,WOOD_001,distributed,NA,NA,NA,NA,0.8,NA,NA
WOOD,WOOD_002,distributed,NA,NA,NA,NA,1.2,NA,NA
WOOD,WOOD_003,distributed,NA,NA,NA,NA,1.1,NA,NA
WOOD,WOOD_004,distributed,NA,NA,NA,NA,1.1,NA,NA
WOOD,WOOD_005,distributed,NA,NA,NA,NA,1.6,NA,NA
WOOD,WOOD_006,distributed,NA,NA,NA,NA,1.3,NA,NA
WOOD,WOOD_007,distributed,NA,NA,NA,NA,1.2,NA,NA
WOOD,WOOD_008,distributed,NA,NA,NA,NA,1,NA,NA
WOOD,WOOD_009,distributed,NA,NA,NA,NA,1.2,NA,NA
WOOD,WOOD_010,distributed,NA,NA,NA,NA,1.3,NA,NA
WOOD,WOOD_021,distributed,NA,NA,NA,NA,2.5,NA,NA
WOOD,WOOD_022,distributed,NA,NA,NA,NA,1.5,NA,NA
WOOD,WOOD_023,distributed,NA,NA,NA,NA,2.6,NA,NA
WOOD,WOOD_024,distributed,NA,NA,NA,NA,1.4,NA,NA
WOOD,WOOD_025,distributed,NA,NA,NA,NA,1.9,NA,NA
WOOD,WOOD_027,distributed,NA,NA,NA,NA,1,NA,NA
HEAL,HEAL_001,distributed,NA,NA,NA,NA,NA,O,1.3233333333333333
HEAL,HEAL_004,distributed,NA,NA,NA,NA,NA,O,1.5366666666666666
HEAL,HEAL_005,distributed,NA,NA,NA,NA,NA,O,0.9633333333333334
HEAL,HEAL_010,distributed,NA,NA,NA,NA,NA,M,0.13
HEAL,HEAL_010,distributed,NA,NA,NA,NA,NA,O,1.185
HEAL,HEAL_011,distributed,NA,NA,NA,NA,NA,O,1.0466666666666666
HEAL,HEAL_025,distributed,NA,NA,NA,NA,NA,O,1.2033333333333334
HEAL,HEAL_045,tower,NA,NA,NA,NA,NA,O,1.3666666666666667
HEAL,HEAL_046,tower,NA,NA,NA,NA,NA,O,0.9866666666666667
HEAL,HEAL_047,tower,NA,NA,NA,NA,NA,O,1.06
HEAL,HEAL_048,tower,NA,NA,NA,NA,NA,O,1.1833333333333333
ONAQ,ONAQ_002,distributed,NA,NA,NA,NA,NA,M,0.07666666666666666
ONAQ,ONAQ_003,distributed,NA,NA,NA,NA,NA,M,0.11
ONAQ,ONAQ_004,distributed,NA,NA,NA,NA,NA,M,0.11333333333333333
ONAQ,ONAQ_005,distributed,NA,NA,NA,NA,NA,M,0.08
ONAQ,ONAQ_008,distributed,NA,NA,NA,NA,NA,M,0.18333333333333332
ONAQ,ONAQ_010,distributed,NA,NA,NA,NA,NA,M,0.26
ORNL,ORNL_029,distributed,NA,NA,NA,NA,NA,M,0.14333333333333334
ORNL,ORNL_029,distributed,NA,NA,NA,NA,NA,O,0.32666666666666666
SCBI,SCBI_012,distributed,NA,NA,NA,NA,NA,M,0.20333333333333334
SERC,SERC_004,distributed,NA,NA,NA,NA,NA,M,0.13666666666666666
SRER,SRER_001,distributed,NA,NA,NA,NA,NA,M,0.07666666666666666
SRER,SRER_002,distributed,NA,NA,NA,NA,NA,M,0.03333333333333333
SRER,SRER_003,distributed,NA,NA,NA,NA,NA,M,0.023333333333333334
SRER,SRER_004,distributed,NA,NA,NA,NA,NA,M,0.08333333333333333
SRER,SRER_005,distributed,NA,NA,NA,NA,NA,M,0.09
SRER,SRER_006,distributed,NA,NA,NA,NA,NA,M,0.043333333333333335
SRER,SRER_043,tower,NA,NA,NA,NA,NA,M,0.04
SRER,SRER_047,tower,NA,NA,NA,NA,NA,M,0.043333333333333335
SRER,SRER_052,tower,NA,NA,NA,NA,NA,M,0.03666666666666667
SRER,SRER_053,tower,NA,NA,NA,NA,NA,M,0.04
STER,STER_026,distributed,NA,NA,NA,NA,NA,M,0.10333333333333333
