"uid","analysisDate","namedLocation","domainID","siteID","plotID","plotType","setDate","collectDate","massSampleMixtureID","ligninSampleID","ligninSampleBarcode","analyticalRepNumber","dryMass","ligninPercent","cellulosePercent","measurementQF","accuracyQF","remarks","laboratoryName","testMethod","analyzedBy","reviewedBy","dataQF"
"f7bc8f34-4134-4674-b83c-3d0e9698733d","2017-08-30","BART_032.basePlot.ltr","D01","BART","BART_032","tower","2016-09-19T16:00Z","2016-10-10T16:00Z","NEON.LTR.BART032.20161010.LVS","NEON.LTR.BART032.20161010.LVS.LIG",NA,1,0.479,16.84,18.75,"0","0",NA,"University of Florida Wetland Biogeochemistry Laboratory","WBL-M-028","bKF36824dpcABkIQiw5BLQ==","5NMApxg5Cd0pWFY84VRdIg==",NA
"55e358e6-b56c-486d-b7c4-9c7bbe08a955","2017-08-30","BART_073.basePlot.ltr","D01","BART","BART_073","tower","2016-09-19T16:00Z","2016-10-10T16:00Z","NEON.LTR.BART073.20161010.NDL","NEON.LTR.BART073.20161010.NDL.LIG",NA,1,0.449,14.21,20.25,"0","0",NA,"University of Florida Wetland Biogeochemistry Laboratory","WBL-M-028","bKF36824dpcABkIQiw5BLQ==","5NMApxg5Cd0pWFY84VRdIg==",NA
"62e9b561-21e1-4ba2-80c4-49f1b5b9f754","2017-08-30","BART_033.basePlot.ltr","D01","BART","BART_033","tower","2016-09-19T16:00Z","2016-10-11T16:00Z","NEON.LTR.BART033.20161011.LVS","NEON.LTR.BART033.20161011.LVS.LIG",NA,2,0.473,16.91,20.79,"0","0",NA,"University of Florida Wetland Biogeochemistry Laboratory","WBL-M-028","bKF36824dpcABkIQiw5BLQ==","5NMApxg5Cd0pWFY84VRdIg==",NA
"640ef978-8a8b-4e3b-b17a-3099168baf91","2017-08-30","BART_033.basePlot.ltr","D01","BART","BART_033","tower","2016-09-19T16:00Z","2016-10-11T16:00Z","NEON.LTR.BART033.20161011.LVS","NEON.LTR.BART033.20161011.LVS.LIG",NA,1,0.468,16.86,20.29,"0","0",NA,"University of Florida Wetland Biogeochemistry Laboratory","WBL-M-028","bKF36824dpcABkIQiw5BLQ==","5NMApxg5Cd0pWFY84VRdIg==",NA
"9a134e8e-d727-4c41-9a29-e4af6b1b9111","2017-08-30","BART_075.basePlot.ltr","D01","BART","BART_075","tower","2016-09-20T16:00Z","2016-10-11T16:00Z","NEON.LTR.BART075.20161011.NDL","NEON.LTR.BART075.20161011.NDL.LIG",NA,1,0.477,13.59,19.34,"0","0",NA,"University of Florida Wetland Biogeochemistry Laboratory","WBL-M-028","bKF36824dpcABkIQiw5BLQ==","5NMApxg5Cd0pWFY84VRdIg==",NA
"662e986f-f191-4bdb-8747-e04f29cbd484","2017-08-30","BART_044.basePlot.ltr","D01","BART","BART_044","tower","2016-09-20T16:00Z","2016-10-11T16:00Z","NEON.LTR.BART044.20161011.LVS","NEON.LTR.BART044.20161011.LVS.LIG",NA,1,0.468,19.19,20.83,"0","0",NA,"University of Florida Wetland Biogeochemistry Laboratory","WBL-M-028","bKF36824dpcABkIQiw5BLQ==","5NMApxg5Cd0pWFY84VRdIg==",NA
"d3a483e0-d4e8-4e1d-bd5e-55e7e660df19","2017-08-30","BART_072.basePlot.ltr","D01","BART","BART_072","tower","2016-09-20T16:00Z","2016-10-11T16:00Z","NEON.LTR.BART072.20161011.NDL","NEON.LTR.BART072.20161011.NDL.LIG",NA,1,0.474,12.96,19.54,"0","0",NA,"University of Florida Wetland Biogeochemistry Laboratory","WBL-M-028","bKF36824dpcABkIQiw5BLQ==","5NMApxg5Cd0pWFY84VRdIg==",NA
"4383eee7-0bf5-4807-a17e-91b6cac7a10d","2017-08-30","BART_075.basePlot.ltr","D01","BART","BART_075","tower","2016-09-20T16:00Z","2016-10-11T16:00Z","NEON.LTR.BART075.20161011.LVS","NEON.LTR.BART075.20161011.LVS.LIG",NA,1,0.478,16.27,22.07,"0","0",NA,"University of Florida Wetland Biogeochemistry Laboratory","WBL-M-028","bKF36824dpcABkIQiw5BLQ==","5NMApxg5Cd0pWFY84VRdIg==",NA
"06677afa-e3a5-41f8-8254-4cc0ba58ffb5","2017-08-30","BART_042.basePlot.ltr","D01","BART","BART_042","tower","2016-09-20T16:00Z","2016-10-11T16:00Z","NEON.LTR.BART042.20161011.NDL","NEON.LTR.BART042.20161011.NDL.LIG",NA,1,0.467,18.76,22.12,"0","0",NA,"University of Florida Wetland Biogeochemistry Laboratory","WBL-M-028","bKF36824dpcABkIQiw5BLQ==","5NMApxg5Cd0pWFY84VRdIg==",NA
"10f2d8de-9a00-4b27-b0b9-872b432dd4c0","2018-12-17","HARV_038.basePlot.ltr","D01","HARV","HARV_038","tower","2018-10-01T16:00Z","2018-10-15T16:00Z","NEON.LTR.HARV038.20181015.LVS","NEON.LTR.HARV038.20181015.LVS.LIG","A00000032777",1,0.534,22.34,18.19,"0","0",NA,"University of Florida Wetland Biogeochemistry Laboratory","WBL-M-028","8kr+qfmeu1FQ7vvHWE7F/A==","5NMApxg5Cd0pWFY84VRdIg==",NA
"ad4895d9-57b8-497b-96f5-0a5af0cf6684","2018-12-17","HARV_040.basePlot.ltr","D01","HARV","HARV_040","tower","2018-10-01T16:00Z","2018-10-15T16:00Z","NEON.LTR.HARV040.20181015.LVS","NEON.LTR.HARV040.20181015.LVS.LIG","A00000032744",1,0.509,31.35,20.39,"0","0",NA,"University of Florida Wetland Biogeochemistry Laboratory","WBL-M-028","8kr+qfmeu1FQ7vvHWE7F/A==","5NMApxg5Cd0pWFY84VRdIg==",NA
"332be979-085a-4ad1-9f56-5ba7551797c7","2018-12-13","HARV_049.basePlot.ltr","D01","HARV","HARV_049","tower","2018-10-01T16:00Z","2018-10-15T16:00Z","NEON.LTR.HARV049.20181015.NDL","NEON.LTR.HARV049.20181015.NDL.LIG","A00000032802",1,0.511,25.53,23.23,"0","0",NA,"University of Florida Wetland Biogeochemistry Laboratory","WBL-M-028","8kr+qfmeu1FQ7vvHWE7F/A==","5NMApxg5Cd0pWFY84VRdIg==",NA
"e12528e4-6f31-479a-8542-f8eb4a64e0a0","2018-12-13","HARV_052.basePlot.ltr","D01","HARV","HARV_052","tower","2018-10-01T16:00Z","2018-10-15T16:00Z","NEON.LTR.HARV052.20181015.LVS","NEON.LTR.HARV052.20181015.LVS.LIG","A00000032763",1,0.527,28.03,23.09,"0","0",NA,"University of Florida Wetland Biogeochemistry Laboratory","WBL-M-028","8kr+qfmeu1FQ7vvHWE7F/A==","5NMApxg5Cd0pWFY84VRdIg==",NA
"b64d690c-7182-48a0-959e-8922d6c8c25d","2018-12-13","HARV_052.basePlot.ltr","D01","HARV","HARV_052","tower","2018-10-01T16:00Z","2018-10-15T16:00Z","NEON.LTR.HARV052.20181015.NDL","NEON.LTR.HARV052.20181015.NDL.LIG","A00000032775",1,0.522,20.77,19.3,"0","0",NA,"University of Florida Wetland Biogeochemistry Laboratory","WBL-M-028","8kr+qfmeu1FQ7vvHWE7F/A==","5NMApxg5Cd0pWFY84VRdIg==",NA
"da0cee33-98cd-45a2-a73f-1ca777a60025","2018-12-17","HARV_037.basePlot.ltr","D01","HARV","HARV_037","tower","2018-10-01T16:00Z","2018-10-15T16:00Z","NEON.LTR.HARV037.20181015.NDL","NEON.LTR.HARV037.20181015.NDL.LIG","A00000032786",1,0.505,15.39,17.69,"0","0",NA,"University of Florida Wetland Biogeochemistry Laboratory","WBL-M-028","8kr+qfmeu1FQ7vvHWE7F/A==","5NMApxg5Cd0pWFY84VRdIg==",NA
"b6e995fb-0303-4a13-be21-40795705a188","2018-12-17","HARV_037.basePlot.ltr","D01","HARV","HARV_037","tower","2018-10-01T16:00Z","2018-10-15T16:00Z","NEON.LTR.HARV037.20181015.LVS","NEON.LTR.HARV037.20181015.LVS.LIG","A00000032826",1,0.538,25.23,15.63,"0","0",NA,"University of Florida Wetland Biogeochemistry Laboratory","WBL-M-028","8kr+qfmeu1FQ7vvHWE7F/A==","5NMApxg5Cd0pWFY84VRdIg==",NA
"e8f4fc59-69b5-44d2-a0c3-bb0edb48222e","2018-12-13","HARV_046.basePlot.ltr","D01","HARV","HARV_046","tower","2018-10-01T16:00Z","2018-10-15T16:00Z","NEON.LTR.HARV046.20181015.LVS","NEON.LTR.HARV046.20181015.LVS.LIG","A00000032858",1,0.514,25.93,21.22,"0","0",NA,"University of Florida Wetland Biogeochemistry Laboratory","WBL-M-028","8kr+qfmeu1FQ7vvHWE7F/A==","5NMApxg5Cd0pWFY84VRdIg==",NA
"33746a63-e0ed-4c44-997e-b10c32d41dcc","2018-12-13","HARV_046.basePlot.ltr","D01","HARV","HARV_046","tower","2018-10-01T16:00Z","2018-10-15T16:00Z","NEON.LTR.HARV046.20181015.NDL","NEON.LTR.HARV046.20181015.NDL.LIG","A00000032824",1,0.538,30.19,22.92,"0","0",NA,"University of Florida Wetland Biogeochemistry Laboratory","WBL-M-028","8kr+qfmeu1FQ7vvHWE7F/A==","5NMApxg5Cd0pWFY84VRdIg==",NA
"c56feb5d-0b3b-4cb5-bff8-1e07231c93fc","2018-12-17","HARV_035.basePlot.ltr","D01","HARV","HARV_035","tower","2018-10-01T16:00Z","2018-10-15T16:00Z","NEON.LTR.HARV035.20181015.LVS","NEON.LTR.HARV035.20181015.LVS.LIG","A00000032805",1,0.533,31.47,20.15,"0","0",NA,"University of Florida Wetland Biogeochemistry Laboratory","WBL-M-028","8kr+qfmeu1FQ7vvHWE7F/A==","5NMApxg5Cd0pWFY84VRdIg==",NA
"0598982c-201f-45c2-b520-a181aef624fc","2018-12-17","HARV_035.basePlot.ltr","D01","HARV","HARV_035","tower","2018-10-01T16:00Z","2018-10-15T16:00Z","NEON.LTR.HARV035.20181015.NDL","NEON.LTR.HARV035.20181015.NDL.LIG","A00000032816",1,0.523,17.49,18.66,"0","0",NA,"University of Florida Wetland Biogeochemistry Laboratory","WBL-M-028","8kr+qfmeu1FQ7vvHWE7F/A==","5NMApxg5Cd0pWFY84VRdIg==",NA
"a7efa62d-4521-4b8c-afb8-90ef3c938bcb","2018-12-13","HARV_043.basePlot.ltr","D01","HARV","HARV_043","tower","2018-10-01T16:00Z","2018-10-15T16:00Z","NEON.LTR.HARV043.20181015.LVS","NEON.LTR.HARV043.20181015.LVS.LIG","A00000032761",1,0.504,29.01,14.14,"0","0",NA,"University of Florida Wetland Biogeochemistry Laboratory","WBL-M-028","8kr+qfmeu1FQ7vvHWE7F/A==","5NMApxg5Cd0pWFY84VRdIg==",NA
"959c63a5-ea42-47e4-a582-42ef6c0ff565","2018-12-13","HARV_048.basePlot.ltr","D01","HARV","HARV_048","tower","2018-10-01T16:00Z","2018-10-15T16:00Z","NEON.LTR.HARV048.20181015.NDL","NEON.LTR.HARV048.20181015.NDL.LIG","A00000032746",1,0.504,20.83,20.73,"0","0",NA,"University of Florida Wetland Biogeochemistry Laboratory","WBL-M-028","8kr+qfmeu1FQ7vvHWE7F/A==","5NMApxg5Cd0pWFY84VRdIg==",NA
"06a286e9-6733-4e88-aa0e-3324ef6ee09c","2018-12-13","HARV_041.basePlot.ltr","D01","HARV","HARV_041","tower","2018-10-01T16:00Z","2018-10-15T16:00Z","NEON.LTR.HARV041.20181015.LVS","NEON.LTR.HARV041.20181015.LVS.LIG","A00000032839",1,0.538,28.74,19.21,"0","0",NA,"University of Florida Wetland Biogeochemistry Laboratory","WBL-M-028","8kr+qfmeu1FQ7vvHWE7F/A==","5NMApxg5Cd0pWFY84VRdIg==",NA
"b444e299-1116-4300-b9fc-64786c89ad1c","2018-12-13","HARV_041.basePlot.ltr","D01","HARV","HARV_041","tower","2018-10-01T16:00Z","2018-10-15T16:00Z","NEON.LTR.HARV041.20181015.NDL","NEON.LTR.HARV041.20181015.NDL.LIG","A00000032804",1,0.522,29.05,23.34,"0","0",NA,"University of Florida Wetland Biogeochemistry Laboratory","WBL-M-028","8kr+qfmeu1FQ7vvHWE7F/A==","5NMApxg5Cd0pWFY84VRdIg==",NA
"4d3f1a60-5ac0-4a71-943b-c6034a67ab0c","2018-12-13","HARV_049.basePlot.ltr","D01","HARV","HARV_049","tower","2018-10-01T16:00Z","2018-10-15T16:00Z","NEON.LTR.HARV049.20181015.NDL","NEON.LTR.HARV049.20181015.NDL.LIG","A00000032802",2,0.515,25.96,21.69,"0","0",NA,"University of Florida Wetland Biogeochemistry Laboratory","WBL-M-028","8kr+qfmeu1FQ7vvHWE7F/A==","5NMApxg5Cd0pWFY84VRdIg==",NA
"9342f092-54c0-49f9-aead-45693149995a","2018-12-17","HARV_036.basePlot.ltr","D01","HARV","HARV_036","tower","2018-10-01T16:00Z","2018-10-15T16:00Z","NEON.LTR.HARV036.20181015.LVS","NEON.LTR.HARV036.20181015.LVS.LIG","A00000032838",1,0.529,23.3,19.03,"0","0",NA,"University of Florida Wetland Biogeochemistry Laboratory","WBL-M-028","8kr+qfmeu1FQ7vvHWE7F/A==","5NMApxg5Cd0pWFY84VRdIg==",NA
"eddae917-9d34-4d2d-b4e2-5420fcd3545d","2018-12-17","HARV_038.basePlot.ltr","D01","HARV","HARV_038","tower","2018-10-01T16:00Z","2018-10-15T16:00Z","NEON.LTR.HARV038.20181015.NDL","NEON.LTR.HARV038.20181015.NDL.LIG","A00000032760",1,0.512,24.34,21.04,"0","0",NA,"University of Florida Wetland Biogeochemistry Laboratory","WBL-M-028","8kr+qfmeu1FQ7vvHWE7F/A==","5NMApxg5Cd0pWFY84VRdIg==",NA
"0d26802a-e3f9-41a9-bea0-57b29b9c169b","2018-12-13","HARV_048.basePlot.ltr","D01","HARV","HARV_048","tower","2018-10-01T16:00Z","2018-10-15T16:00Z","NEON.LTR.HARV048.20181015.LVS","NEON.LTR.HARV048.20181015.LVS.LIG","A00000032794",1,0.528,27.87,20.85,"0","0",NA,"University of Florida Wetland Biogeochemistry Laboratory","WBL-M-028","8kr+qfmeu1FQ7vvHWE7F/A==","5NMApxg5Cd0pWFY84VRdIg==",NA
"944703fa-961e-4fd1-b409-374e20a08b55","2018-12-17","HARV_033.basePlot.ltr","D01","HARV","HARV_033","tower","2018-10-01T16:00Z","2018-10-15T16:00Z","NEON.LTR.HARV033.20181015.NDL","NEON.LTR.HARV033.20181015.NDL.LIG","A00000032835",1,0.52,30.76,21.71,"0","0",NA,"University of Florida Wetland Biogeochemistry Laboratory","WBL-M-028","8kr+qfmeu1FQ7vvHWE7F/A==","5NMApxg5Cd0pWFY84VRdIg==",NA
"1fb67ed2-9b63-4494-a284-738ee26974c8","2018-12-17","HARV_033.basePlot.ltr","D01","HARV","HARV_033","tower","2018-10-01T16:00Z","2018-10-15T16:00Z","NEON.LTR.HARV033.20181015.LVS","NEON.LTR.HARV033.20181015.LVS.LIG","A00000032781",1,0.513,26,22.31,"0","0",NA,"University of Florida Wetland Biogeochemistry Laboratory","WBL-M-028","8kr+qfmeu1FQ7vvHWE7F/A==","5NMApxg5Cd0pWFY84VRdIg==",NA
"c677ccdc-84c2-4b58-b1db-1fb4b340caa5","2018-12-13","HARV_050.basePlot.ltr","D01","HARV","HARV_050","tower","2018-10-01T16:00Z","2018-10-15T16:00Z","NEON.LTR.HARV050.20181015.NDL","NEON.LTR.HARV050.20181015.NDL.LIG","A00000032817",1,0.527,32.69,24.56,"0","0",NA,"University of Florida Wetland Biogeochemistry Laboratory","WBL-M-028","8kr+qfmeu1FQ7vvHWE7F/A==","5NMApxg5Cd0pWFY84VRdIg==",NA
"585c732b-2ba5-487d-9a57-d82dedbabe7a","2018-12-17","HARV_050.basePlot.ltr","D01","HARV","HARV_050","tower","2018-10-01T16:00Z","2018-10-15T16:00Z","NEON.LTR.HARV050.20181015.LVS","NEON.LTR.HARV050.20181015.LVS.LIG","A00000032840",1,0.511,28.26,19.54,"0","0",NA,"University of Florida Wetland Biogeochemistry Laboratory","WBL-M-028","8kr+qfmeu1FQ7vvHWE7F/A==","5NMApxg5Cd0pWFY84VRdIg==",NA
"8530ef35-054a-4356-8610-bbcc520c878e","2018-12-17","HARV_040.basePlot.ltr","D01","HARV","HARV_040","tower","2018-10-01T16:00Z","2018-10-15T16:00Z","NEON.LTR.HARV040.20181015.NDL","NEON.LTR.HARV040.20181015.NDL.LIG","A00000032799",1,0.524,31.44,20.97,"0","0",NA,"University of Florida Wetland Biogeochemistry Laboratory","WBL-M-028","8kr+qfmeu1FQ7vvHWE7F/A==","5NMApxg5Cd0pWFY84VRdIg==",NA
"d9a0d691-10c9-4ec6-8592-0cfac99f6bf6","2018-12-13","HARV_045.basePlot.ltr","D01","HARV","HARV_045","tower","2018-10-01T16:00Z","2018-10-15T16:00Z","NEON.LTR.HARV045.20181015.LVS","NEON.LTR.HARV045.20181015.LVS.LIG","A00000032814",1,0.532,27.7,23.21,"0","0",NA,"University of Florida Wetland Biogeochemistry Laboratory","WBL-M-028","8kr+qfmeu1FQ7vvHWE7F/A==","5NMApxg5Cd0pWFY84VRdIg==",NA
"27d999ac-c457-49d8-9e1d-9a8aabf08a78","2018-12-13","HARV_051.basePlot.ltr","D01","HARV","HARV_051","tower","2018-10-01T16:00Z","2018-10-15T16:00Z","NEON.LTR.HARV051.20181015.LVS","NEON.LTR.HARV051.20181015.LVS.LIG","A00000032842",1,0.512,27.31,22.57,"0","0",NA,"University of Florida Wetland Biogeochemistry Laboratory","WBL-M-028","8kr+qfmeu1FQ7vvHWE7F/A==","5NMApxg5Cd0pWFY84VRdIg==",NA
"9af3cc00-3760-4912-b489-228ec0195021","2018-12-13","HARV_043.basePlot.ltr","D01","HARV","HARV_043","tower","2018-10-01T16:00Z","2018-10-15T16:00Z","NEON.LTR.HARV043.20181015.NDL","NEON.LTR.HARV043.20181015.NDL.LIG","A00000032836",1,0.524,21.61,21.05,"0","0",NA,"University of Florida Wetland Biogeochemistry Laboratory","WBL-M-028","8kr+qfmeu1FQ7vvHWE7F/A==","5NMApxg5Cd0pWFY84VRdIg==",NA
"f20dfac4-2042-46e4-849e-8a801a192eb0","2018-12-13","HARV_049.basePlot.ltr","D01","HARV","HARV_049","tower","2018-10-01T16:00Z","2018-10-15T16:00Z","NEON.LTR.HARV049.20181015.LVS","NEON.LTR.HARV049.20181015.LVS.LIG","A00000032766",1,0.512,22.58,14.31,"0","0",NA,"University of Florida Wetland Biogeochemistry Laboratory","WBL-M-028","8kr+qfmeu1FQ7vvHWE7F/A==","5NMApxg5Cd0pWFY84VRdIg==",NA
"511f822c-56f2-478c-b60b-6b89cc6e24f2","2018-12-17","HARV_034.basePlot.ltr","D01","HARV","HARV_034","tower","2018-10-01T16:00Z","2018-10-16T16:00Z","NEON.LTR.HARV034.20181016.LVS","NEON.LTR.HARV034.20181016.LVS.LIG","A00000032812",1,0.504,26.11,20.84,"0","0",NA,"University of Florida Wetland Biogeochemistry Laboratory","WBL-M-028","8kr+qfmeu1FQ7vvHWE7F/A==","5NMApxg5Cd0pWFY84VRdIg==",NA
"e7a82f8d-13c4-4562-989f-3c5df90fb6e7","2018-12-13","HARV_044.basePlot.ltr","D01","HARV","HARV_044","tower","2018-10-01T16:00Z","2018-10-16T16:00Z","NEON.LTR.HARV044.20181016.NDL","NEON.LTR.HARV044.20181016.NDL.LIG","A00000032803",1,0.528,33.02,24.93,"0","0",NA,"University of Florida Wetland Biogeochemistry Laboratory","WBL-M-028","8kr+qfmeu1FQ7vvHWE7F/A==","5NMApxg5Cd0pWFY84VRdIg==",NA
"15ddcdb3-04b2-44c5-b24d-9a8125947f5c","2018-12-13","HARV_044.basePlot.ltr","D01","HARV","HARV_044","tower","2018-10-01T16:00Z","2018-10-16T16:00Z","NEON.LTR.HARV044.20181016.LVS","NEON.LTR.HARV044.20181016.LVS.LIG","A00000032801",1,0.528,25.87,21.52,"0","0",NA,"University of Florida Wetland Biogeochemistry Laboratory","WBL-M-028","8kr+qfmeu1FQ7vvHWE7F/A==","5NMApxg5Cd0pWFY84VRdIg==",NA
"6e5b2fe8-ad6b-4522-a429-7c4cea9e0751","2018-12-13","HARV_042.basePlot.ltr","D01","HARV","HARV_042","tower","2018-10-01T16:00Z","2018-10-16T16:00Z","NEON.LTR.HARV042.20181016.LVS","NEON.LTR.HARV042.20181016.LVS.LIG","A00000032752",1,0.53,28.44,22.03,"0","0",NA,"University of Florida Wetland Biogeochemistry Laboratory","WBL-M-028","8kr+qfmeu1FQ7vvHWE7F/A==","5NMApxg5Cd0pWFY84VRdIg==",NA
"842b7b6c-7cf7-4496-8c0e-b26085e0cc7a","2018-12-17","HARV_034.basePlot.ltr","D01","HARV","HARV_034","tower","2018-10-01T16:00Z","2018-10-16T16:00Z","NEON.LTR.HARV034.20181016.NDL","NEON.LTR.HARV034.20181016.NDL.LIG","A00000032769",2,0.543,28.78,21.45,"0","0",NA,"University of Florida Wetland Biogeochemistry Laboratory","WBL-M-028","8kr+qfmeu1FQ7vvHWE7F/A==","5NMApxg5Cd0pWFY84VRdIg==",NA
"f8d7e01b-c695-4888-97bc-adb0bb1afb2d","2018-12-13","HARV_047.basePlot.ltr","D01","HARV","HARV_047","tower","2018-10-01T16:00Z","2018-10-16T16:00Z","NEON.LTR.HARV047.20181016.LVS","NEON.LTR.HARV047.20181016.LVS.LIG","A00000032780",1,0.518,27.06,23.68,"0","0",NA,"University of Florida Wetland Biogeochemistry Laboratory","WBL-M-028","8kr+qfmeu1FQ7vvHWE7F/A==","5NMApxg5Cd0pWFY84VRdIg==",NA
"7f6078cf-2b22-4771-8214-e272e5332539","2018-12-17","HARV_039.basePlot.ltr","D01","HARV","HARV_039","tower","2018-10-01T16:00Z","2018-10-16T16:00Z","NEON.LTR.HARV039.20181016.LVS","NEON.LTR.HARV039.20181016.LVS.LIG","A00000032787",1,0.515,24.84,19.19,"0","0",NA,"University of Florida Wetland Biogeochemistry Laboratory","WBL-M-028","8kr+qfmeu1FQ7vvHWE7F/A==","5NMApxg5Cd0pWFY84VRdIg==",NA
"20b365b0-af92-4c21-aae4-8e513dce0ed9","2018-12-17","HARV_039.basePlot.ltr","D01","HARV","HARV_039","tower","2018-10-01T16:00Z","2018-10-16T16:00Z","NEON.LTR.HARV039.20181016.NDL","NEON.LTR.HARV039.20181016.NDL.LIG","A00000032770",1,0.513,30.28,22.9,"0","0",NA,"University of Florida Wetland Biogeochemistry Laboratory","WBL-M-028","8kr+qfmeu1FQ7vvHWE7F/A==","5NMApxg5Cd0pWFY84VRdIg==",NA
"fb5c9b1c-e72d-48f7-80c0-fa0d1959e3b0","2018-12-17","HARV_034.basePlot.ltr","D01","HARV","HARV_034","tower","2018-10-01T16:00Z","2018-10-16T16:00Z","NEON.LTR.HARV034.20181016.NDL","NEON.LTR.HARV034.20181016.NDL.LIG","A00000032769",1,0.548,28.66,22.31,"0","0",NA,"University of Florida Wetland Biogeochemistry Laboratory","WBL-M-028","8kr+qfmeu1FQ7vvHWE7F/A==","5NMApxg5Cd0pWFY84VRdIg==",NA
"204e8a40-906c-4841-8c4e-4a1aaafbe1e7","2018-12-13","HARV_042.basePlot.ltr","D01","HARV","HARV_042","tower","2018-10-01T16:00Z","2018-10-16T16:00Z","NEON.LTR.HARV042.20181016.NDL","NEON.LTR.HARV042.20181016.NDL.LIG","A00000032751",1,0.511,32.55,23.62,"0","0",NA,"University of Florida Wetland Biogeochemistry Laboratory","WBL-M-028","8kr+qfmeu1FQ7vvHWE7F/A==","5NMApxg5Cd0pWFY84VRdIg==",NA
"6272c9f8-a81b-4af7-bf06-539439c8d4dd","2018-01-26","SCBI_045.basePlot.ltr","D02","SCBI","SCBI_045","tower","2017-10-31T16:00Z","2017-11-13T17:00Z","NEON.LTR.SCBI045.20171113.LVS","NEON.LTR.SCBI045.20171113.LVS.LIG",NA,1,0.59,22.64,24.16,"0","0",NA,"University of Florida Wetland Biogeochemistry Laboratory","WBL-M-028","bKF36824dpcABkIQiw5BLQ==","5NMApxg5Cd0pWFY84VRdIg==",NA
"a3fccea9-892a-4b87-a5ec-2d67c4b81fe5","2018-01-26","SCBI_066.basePlot.ltr","D02","SCBI","SCBI_066","tower","2017-10-31T16:00Z","2017-11-13T17:00Z","NEON.LTR.SCBI066.20171113.LVS","NEON.LTR.SCBI066.20171113.LVS.LIG",NA,1,0.514,19.55,26.03,"0","0",NA,"University of Florida Wetland Biogeochemistry Laboratory","WBL-M-028","bKF36824dpcABkIQiw5BLQ==","5NMApxg5Cd0pWFY84VRdIg==",NA
"c230a34b-7f52-42db-b184-005d6cbf665a","2018-01-26","SCBI_064.basePlot.ltr","D02","SCBI","SCBI_064","tower","2017-10-31T16:00Z","2017-11-13T17:00Z","NEON.LTR.SCBI064.20171113.LVS","NEON.LTR.SCBI064.20171113.LVS.LIG",NA,1,0.586,18.97,22.94,"0","0",NA,"University of Florida Wetland Biogeochemistry Laboratory","WBL-M-028","bKF36824dpcABkIQiw5BLQ==","5NMApxg5Cd0pWFY84VRdIg==",NA
"41cf202d-4a98-4e81-87c6-743244f0ea30","2018-01-26","SCBI_047.basePlot.ltr","D02","SCBI","SCBI_047","tower","2017-10-31T16:00Z","2017-11-13T17:00Z","NEON.LTR.SCBI047.20171113.LVS","NEON.LTR.SCBI047.20171113.LVS.LIG",NA,1,0.522,18.28,26.43,"0","0",NA,"University of Florida Wetland Biogeochemistry Laboratory","WBL-M-028","bKF36824dpcABkIQiw5BLQ==","5NMApxg5Cd0pWFY84VRdIg==",NA
"6b4a6d5b-a060-457a-a16e-4e68ec25bb8e","2018-01-26","SCBI_062.basePlot.ltr","D02","SCBI","SCBI_062","tower","2017-10-31T16:00Z","2017-11-13T17:00Z","NEON.LTR.SCBI062.20171113.LVS","NEON.LTR.SCBI062.20171113.LVS.LIG",NA,1,0.54,20.18,25.24,"0","0",NA,"University of Florida Wetland Biogeochemistry Laboratory","WBL-M-028","bKF36824dpcABkIQiw5BLQ==","5NMApxg5Cd0pWFY84VRdIg==",NA
"6743c274-cf88-454d-b493-71ef184ad940","2018-01-26","SCBI_058.basePlot.ltr","D02","SCBI","SCBI_058","tower","2017-10-31T16:00Z","2017-11-13T17:00Z","NEON.LTR.SCBI058.20171113.LVS","NEON.LTR.SCBI058.20171113.LVS.LIG",NA,1,0.511,23.15,23.69,"0","0",NA,"University of Florida Wetland Biogeochemistry Laboratory","WBL-M-028","bKF36824dpcABkIQiw5BLQ==","5NMApxg5Cd0pWFY84VRdIg==",NA
"92b23be7-daa7-4a99-97c7-d334e415b40c","2018-01-26","SCBI_054.basePlot.ltr","D02","SCBI","SCBI_054","tower","2017-10-31T16:00Z","2017-11-13T17:00Z","NEON.LTR.SCBI054.20171113.LVS","NEON.LTR.SCBI054.20171113.LVS.LIG",NA,1,0.543,23.12,22.56,"0","0",NA,"University of Florida Wetland Biogeochemistry Laboratory","WBL-M-028","bKF36824dpcABkIQiw5BLQ==","5NMApxg5Cd0pWFY84VRdIg==",NA
"0d87f0f8-a15f-4a3c-85b9-6308b8ab5588","2018-01-26","SCBI_046.basePlot.ltr","D02","SCBI","SCBI_046","tower","2017-10-31T16:00Z","2017-11-13T17:00Z","NEON.LTR.SCBI046.20171113.LVS","NEON.LTR.SCBI046.20171113.LVS.LIG",NA,1,0.596,28.45,27.12,"0","0",NA,"University of Florida Wetland Biogeochemistry Laboratory","WBL-M-028","bKF36824dpcABkIQiw5BLQ==","5NMApxg5Cd0pWFY84VRdIg==",NA
"e6981b77-3596-4b8c-85d0-036df3623ae7","2018-01-26","SCBI_048.basePlot.ltr","D02","SCBI","SCBI_048","tower","2017-10-31T16:00Z","2017-11-13T17:00Z","NEON.LTR.SCBI048.20171113.LVS","NEON.LTR.SCBI048.20171113.LVS.LIG",NA,2,0.527,22.29,24.42,"0","0",NA,"University of Florida Wetland Biogeochemistry Laboratory","WBL-M-028","bKF36824dpcABkIQiw5BLQ==","5NMApxg5Cd0pWFY84VRdIg==",NA
"aef88bd1-b2d4-4c97-be57-97269a1a2f21","2018-01-26","SCBI_048.basePlot.ltr","D02","SCBI","SCBI_048","tower","2017-10-31T16:00Z","2017-11-13T17:00Z","NEON.LTR.SCBI048.20171113.LVS","NEON.LTR.SCBI048.20171113.LVS.LIG",NA,1,0.519,21.69,24.82,"0","0",NA,"University of Florida Wetland Biogeochemistry Laboratory","WBL-M-028","bKF36824dpcABkIQiw5BLQ==","5NMApxg5Cd0pWFY84VRdIg==",NA
"ce998835-046e-4e75-97dd-9b6e6672e92e","2018-01-26","SCBI_056.basePlot.ltr","D02","SCBI","SCBI_056","tower","2017-10-31T16:00Z","2017-11-13T17:00Z","NEON.LTR.SCBI056.20171113.LVS","NEON.LTR.SCBI056.20171113.LVS.LIG",NA,1,0.562,21.79,23.6,"0","0",NA,"University of Florida Wetland Biogeochemistry Laboratory","WBL-M-028","bKF36824dpcABkIQiw5BLQ==","5NMApxg5Cd0pWFY84VRdIg==",NA
"f01c7180-970e-4f32-ac7a-0cdadc253aeb","2018-01-26","SCBI_063.basePlot.ltr","D02","SCBI","SCBI_063","tower","2017-10-31T16:00Z","2017-11-13T17:00Z","NEON.LTR.SCBI063.20171113.LVS","NEON.LTR.SCBI063.20171113.LVS.LIG",NA,1,0.575,17.44,25.63,"0","0",NA,"University of Florida Wetland Biogeochemistry Laboratory","WBL-M-028","bKF36824dpcABkIQiw5BLQ==","5NMApxg5Cd0pWFY84VRdIg==",NA
"34fd4d77-8dcf-4f8e-81c6-e67f39b19580","2018-01-26","SCBI_053.basePlot.ltr","D02","SCBI","SCBI_053","tower","2017-10-31T16:00Z","2017-11-13T17:00Z","NEON.LTR.SCBI053.20171113.LVS","NEON.LTR.SCBI053.20171113.LVS.LIG",NA,1,0.552,18.2,24.4,"0","0",NA,"University of Florida Wetland Biogeochemistry Laboratory","WBL-M-028","bKF36824dpcABkIQiw5BLQ==","5NMApxg5Cd0pWFY84VRdIg==",NA
"b2ea5bd9-b4af-439f-90df-32bb04c77f64","2018-07-06","GUAN_053.basePlot.ltr","D04","GUAN","GUAN_053","tower","2018-03-29T16:00Z","2018-04-27T16:00Z","NEON.LTR.GUAN053.20180427.LVS","NEON.LTR.GUAN053.20180427.LVS.LIG","A00000007102",1,0.478,25.8,32.02,"0","0",NA,"University of Florida Wetland Biogeochemistry Laboratory","WBL-M-028","8kr+qfmeu1FQ7vvHWE7F/A==","5NMApxg5Cd0pWFY84VRdIg==",NA
"6f78e94d-a918-4559-8919-62fe5214056e","2018-07-06","GUAN_061.basePlot.ltr","D04","GUAN","GUAN_061","tower","2018-03-29T16:00Z","2018-04-27T16:00Z","NEON.LTR.GUAN061.20180427.LVS","NEON.LTR.GUAN061.20180427.LVS.LIG","A00000007082",1,0.49,18.54,28.69,"0","0",NA,"University of Florida Wetland Biogeochemistry Laboratory","WBL-M-028","8kr+qfmeu1FQ7vvHWE7F/A==","5NMApxg5Cd0pWFY84VRdIg==",NA
"9ea6ed73-f5e6-40af-9e5c-d243800bbe1d","2018-07-06","GUAN_043.basePlot.ltr","D04","GUAN","GUAN_043","tower","2018-03-29T16:00Z","2018-04-27T16:00Z","NEON.LTR.GUAN043.20180427.LVS","NEON.LTR.GUAN043.20180427.LVS.LIG","A00000005875",1,0.478,21.87,21.1,"0","0",NA,"University of Florida Wetland Biogeochemistry Laboratory","WBL-M-028","8kr+qfmeu1FQ7vvHWE7F/A==","5NMApxg5Cd0pWFY84VRdIg==",NA
"3e5b5b3c-fb68-46cf-ac22-1874400e28ef","2018-06-22","GUAN_057.basePlot.ltr","D04","GUAN","GUAN_057","tower","2018-03-29T16:00Z","2018-04-27T16:00Z","NEON.LTR.GUAN057.20180427.LVS","NEON.LTR.GUAN057.20180427.LVS.LIG","A00000007085",1,0.465,18.93,23.13,"0","0",NA,"University of Florida Wetland Biogeochemistry Laboratory","WBL-M-028","8kr+qfmeu1FQ7vvHWE7F/A==","5NMApxg5Cd0pWFY84VRdIg==",NA
"986e67a2-0497-4337-abb2-fd7aaf4eb393","2018-07-06","GUAN_058.basePlot.ltr","D04","GUAN","GUAN_058","tower","2018-03-29T16:00Z","2018-04-27T16:00Z","NEON.LTR.GUAN058.20180427.LVS","NEON.LTR.GUAN058.20180427.LVS.LIG","A00000007083",1,0.491,14.48,18.02,"0","0",NA,"University of Florida Wetland Biogeochemistry Laboratory","WBL-M-028","8kr+qfmeu1FQ7vvHWE7F/A==","5NMApxg5Cd0pWFY84VRdIg==",NA
"6244bd7e-e11a-4bd5-8076-ac8644e1cac2","2018-07-06","GUAN_050.basePlot.ltr","D04","GUAN","GUAN_050","tower","2018-03-29T16:00Z","2018-04-27T16:00Z","NEON.LTR.GUAN050.20180427.LVS","NEON.LTR.GUAN050.20180427.LVS.LIG","A00000007115",1,0.485,18.29,22.5,"0","0",NA,"University of Florida Wetland Biogeochemistry Laboratory","WBL-M-028","8kr+qfmeu1FQ7vvHWE7F/A==","5NMApxg5Cd0pWFY84VRdIg==",NA
"ff00e534-7f3a-408c-93ff-2834e8eeafb4","2018-07-06","GUAN_056.basePlot.ltr","D04","GUAN","GUAN_056","tower","2018-03-29T16:00Z","2018-04-27T16:00Z","NEON.LTR.GUAN056.20180427.LVS","NEON.LTR.GUAN056.20180427.LVS.LIG","A00000007120",1,0.48,31.15,20.97,"0","0",NA,"University of Florida Wetland Biogeochemistry Laboratory","WBL-M-028","8kr+qfmeu1FQ7vvHWE7F/A==","5NMApxg5Cd0pWFY84VRdIg==",NA
"e9e05413-66ca-40c0-b037-060b6ca37db9","2018-07-06","GUAN_048.basePlot.ltr","D04","GUAN","GUAN_048","tower","2018-03-29T16:00Z","2018-04-27T16:00Z","NEON.LTR.GUAN048.20180427.LVS","NEON.LTR.GUAN048.20180427.LVS.LIG","A00000007112",1,0.494,23.66,20.22,"0","0",NA,"University of Florida Wetland Biogeochemistry Laboratory","WBL-M-028","8kr+qfmeu1FQ7vvHWE7F/A==","5NMApxg5Cd0pWFY84VRdIg==",NA
"595ecc2f-743f-40a0-9cd6-fcb3b4a8b508","2018-07-06","GUAN_046.basePlot.ltr","D04","GUAN","GUAN_046","tower","2018-03-29T16:00Z","2018-04-27T16:00Z","NEON.LTR.GUAN046.20180427.LVS","NEON.LTR.GUAN046.20180427.LVS.LIG","A00000007064",1,0.493,25.64,21.94,"0","0",NA,"University of Florida Wetland Biogeochemistry Laboratory","WBL-M-028","8kr+qfmeu1FQ7vvHWE7F/A==","5NMApxg5Cd0pWFY84VRdIg==",NA
"4c0a08f0-f83c-4faa-a6c9-62907a28b138","2018-07-06","GUAN_051.basePlot.ltr","D04","GUAN","GUAN_051","tower","2018-03-29T16:00Z","2018-04-27T16:00Z","NEON.LTR.GUAN051.20180427.LVS","NEON.LTR.GUAN051.20180427.LVS.LIG","A00000007121",1,0.476,26.46,23.38,"0","0",NA,"University of Florida Wetland Biogeochemistry Laboratory","WBL-M-028","8kr+qfmeu1FQ7vvHWE7F/A==","5NMApxg5Cd0pWFY84VRdIg==",NA
"9009fc6e-2f19-47d5-b1d9-3813d074075d","2018-07-06","GUAN_060.basePlot.ltr","D04","GUAN","GUAN_060","tower","2018-03-29T16:00Z","2018-04-27T16:00Z","NEON.LTR.GUAN060.20180427.LVS","NEON.LTR.GUAN060.20180427.LVS.LIG","A00000007048",1,0.502,17.91,25.71,"0","0",NA,"University of Florida Wetland Biogeochemistry Laboratory","WBL-M-028","8kr+qfmeu1FQ7vvHWE7F/A==","5NMApxg5Cd0pWFY84VRdIg==",NA
"08a17b28-e259-4dd0-86c0-7dbf12f988ca","2018-07-06","GUAN_059.basePlot.ltr","D04","GUAN","GUAN_059","tower","2018-03-29T16:00Z","2018-04-27T16:00Z","NEON.LTR.GUAN059.20180427.LVS","NEON.LTR.GUAN059.20180427.LVS.LIG","A00000007031",1,0.469,19.85,21.02,"0","0",NA,"University of Florida Wetland Biogeochemistry Laboratory","WBL-M-028","8kr+qfmeu1FQ7vvHWE7F/A==","5NMApxg5Cd0pWFY84VRdIg==",NA
"8546d2a3-0afa-4c61-a1ea-44538187487e","2018-07-06","GUAN_049.basePlot.ltr","D04","GUAN","GUAN_049","tower","2018-03-29T16:00Z","2018-04-27T16:00Z","NEON.LTR.GUAN049.20180427.LVS","NEON.LTR.GUAN049.20180427.LVS.LIG","A00000007098",1,0.483,20.83,19.12,"0","0",NA,"University of Florida Wetland Biogeochemistry Laboratory","WBL-M-028","8kr+qfmeu1FQ7vvHWE7F/A==","5NMApxg5Cd0pWFY84VRdIg==",NA
"1113b533-ed04-4cc0-a7fa-c5dbf05a3a70","2018-07-06","GUAN_044.basePlot.ltr","D04","GUAN","GUAN_044","tower","2018-03-29T16:00Z","2018-04-27T16:00Z","NEON.LTR.GUAN044.20180427.LVS","NEON.LTR.GUAN044.20180427.LVS.LIG","A00000007000",1,0.482,13.95,21.39,"0","0",NA,"University of Florida Wetland Biogeochemistry Laboratory","WBL-M-028","8kr+qfmeu1FQ7vvHWE7F/A==","5NMApxg5Cd0pWFY84VRdIg==",NA
"69da3818-3fdb-4d19-a9a0-df1e181d8674","2018-07-06","GUAN_054.basePlot.ltr","D04","GUAN","GUAN_054","tower","2018-03-29T16:00Z","2018-04-27T16:00Z","NEON.LTR.GUAN054.20180427.LVS","NEON.LTR.GUAN054.20180427.LVS.LIG","A00000007099",1,0.465,19.64,25.5,"0","0",NA,"University of Florida Wetland Biogeochemistry Laboratory","WBL-M-028","8kr+qfmeu1FQ7vvHWE7F/A==","5NMApxg5Cd0pWFY84VRdIg==",NA
"578364e4-c454-466a-aca8-ee8a7ae87efa","2018-07-06","GUAN_054.basePlot.ltr","D04","GUAN","GUAN_054","tower","2018-03-29T16:00Z","2018-04-27T16:00Z","NEON.LTR.GUAN054.20180427.LVS","NEON.LTR.GUAN054.20180427.LVS.LIG","A00000007099",2,0.494,16.8,24.71,"0","0",NA,"University of Florida Wetland Biogeochemistry Laboratory","WBL-M-028","8kr+qfmeu1FQ7vvHWE7F/A==","5NMApxg5Cd0pWFY84VRdIg==",NA
"5cf2086b-0b68-4cfc-bcbd-b5778b941b36","2018-07-06","GUAN_042.basePlot.ltr","D04","GUAN","GUAN_042","tower","2018-03-29T16:00Z","2018-04-27T16:00Z","NEON.LTR.GUAN042.20180427.LVS","NEON.LTR.GUAN042.20180427.LVS.LIG","A00000007013",1,0.484,22.27,22.79,"0","0",NA,"University of Florida Wetland Biogeochemistry Laboratory","WBL-M-028","8kr+qfmeu1FQ7vvHWE7F/A==","5NMApxg5Cd0pWFY84VRdIg==",NA
"73c6e7ef-9776-483f-a1c6-c8c26ed9aec4","2018-06-22","GUAN_052.basePlot.ltr","D04","GUAN","GUAN_052","tower","2018-03-29T16:00Z","2018-04-27T16:00Z","NEON.LTR.GUAN052.20180427.LVS","NEON.LTR.GUAN052.20180427.LVS.LIG","A00000007111",2,0.487,28.47,22.77,"0","0",NA,"University of Florida Wetland Biogeochemistry Laboratory","WBL-M-028","8kr+qfmeu1FQ7vvHWE7F/A==","5NMApxg5Cd0pWFY84VRdIg==",NA
"537fc7e6-90ff-4d36-947b-5dd934794de6","2018-06-22","GUAN_052.basePlot.ltr","D04","GUAN","GUAN_052","tower","2018-03-29T16:00Z","2018-04-27T16:00Z","NEON.LTR.GUAN052.20180427.LVS","NEON.LTR.GUAN052.20180427.LVS.LIG","A00000007111",1,0.49,29.59,20.33,"0","0",NA,"University of Florida Wetland Biogeochemistry Laboratory","WBL-M-028","8kr+qfmeu1FQ7vvHWE7F/A==","5NMApxg5Cd0pWFY84VRdIg==",NA
"4be308a7-2336-4758-a927-0bb8ad3ff4fe","2018-06-22","GUAN_047.basePlot.ltr","D04","GUAN","GUAN_047","tower","2018-03-29T16:00Z","2018-04-27T16:00Z","NEON.LTR.GUAN047.20180427.LVS","NEON.LTR.GUAN047.20180427.LVS.LIG","A00000007046",1,0.499,25.96,23.84,"0","0",NA,"University of Florida Wetland Biogeochemistry Laboratory","WBL-M-028","8kr+qfmeu1FQ7vvHWE7F/A==","5NMApxg5Cd0pWFY84VRdIg==",NA
"70783b30-6686-459b-9dc3-f5de4e4e6e17","2018-07-06","GUAN_055.basePlot.ltr","D04","GUAN","GUAN_055","tower","2018-03-29T16:00Z","2018-04-27T16:00Z","NEON.LTR.GUAN055.20180427.LVS","NEON.LTR.GUAN055.20180427.LVS.LIG","A00000007125",1,0.5,20.97,21.45,"0","0",NA,"University of Florida Wetland Biogeochemistry Laboratory","WBL-M-028","8kr+qfmeu1FQ7vvHWE7F/A==","5NMApxg5Cd0pWFY84VRdIg==",NA
"ac0e7792-09e6-442a-8875-62ec842739cb","2018-07-06","GUAN_045.basePlot.ltr","D04","GUAN","GUAN_045","tower","2018-03-29T16:00Z","2018-04-27T16:00Z","NEON.LTR.GUAN045.20180427.LVS","NEON.LTR.GUAN045.20180427.LVS.LIG","A00000005908",1,0.506,14.29,18.89,"0","0",NA,"University of Florida Wetland Biogeochemistry Laboratory","WBL-M-028","8kr+qfmeu1FQ7vvHWE7F/A==","5NMApxg5Cd0pWFY84VRdIg==",NA
"5b72a676-bed3-4dbe-a9c3-903d3c384d8f","2018-02-08","STEI_046.basePlot.ltr","D05","STEI","STEI_046","tower","2015-10-20T17:00Z","2016-09-19T17:00Z","NEON.LTR.STEI046.20160519.LVS","NEON.LTR.STEI046.20160519.LVS.LIG",NA,1,0.496,20.81,20.98,"0","0",NA,"University of Florida Wetland Biogeochemistry Laboratory","WBL-M-028","bKF36824dpcABkIQiw5BLQ==","5NMApxg5Cd0pWFY84VRdIg==",NA
"04338066-db44-42c6-896c-9f773052267e","2018-02-08","STEI_062.basePlot.ltr","D05","STEI","STEI_062","tower","2017-09-05T17:00Z","2017-10-02T17:00Z","NEON.LTR.STEI062.20171002.LVS","NEON.LTR.STEI062.20171002.LVS.LIG",NA,1,0.514,38.2,23.35,"0","0",NA,"University of Florida Wetland Biogeochemistry Laboratory","WBL-M-028","bKF36824dpcABkIQiw5BLQ==","5NMApxg5Cd0pWFY84VRdIg==",NA
"dedbb3be-90bd-4bff-80a0-9fd8b6faae25","2018-02-08","STEI_048.basePlot.ltr","D05","STEI","STEI_048","tower","2017-09-05T17:00Z","2017-10-02T17:00Z","NEON.LTR.STEI048.20171002.LVS","NEON.LTR.STEI048.20171002.LVS.LIG",NA,1,0.523,36.2,22.53,"0","0",NA,"University of Florida Wetland Biogeochemistry Laboratory","WBL-M-028","bKF36824dpcABkIQiw5BLQ==","5NMApxg5Cd0pWFY84VRdIg==",NA
"9344d4d5-d6ab-4018-850d-e98e8e461ae1","2018-02-08","STEI_047.basePlot.ltr","D05","STEI","STEI_047","tower","2017-09-05T17:00Z","2017-10-02T17:00Z","NEON.LTR.STEI047.20171002.NDL","NEON.LTR.STEI047.20171002.NDL.LIG",NA,1,0.507,30.76,23.38,"0","0",NA,"University of Florida Wetland Biogeochemistry Laboratory","WBL-M-028","bKF36824dpcABkIQiw5BLQ==","5NMApxg5Cd0pWFY84VRdIg==",NA
"9fe50df0-b576-480c-a119-4e27023d5bf4","2018-02-08","STEI_055.basePlot.ltr","D05","STEI","STEI_055","tower","2017-09-05T17:00Z","2017-10-02T17:00Z","NEON.LTR.STEI055.20171002.LVS","NEON.LTR.STEI055.20171002.LVS.LIG",NA,1,0.542,25.2,22.25,"0","0",NA,"University of Florida Wetland Biogeochemistry Laboratory","WBL-M-028","bKF36824dpcABkIQiw5BLQ==","5NMApxg5Cd0pWFY84VRdIg==",NA
"199025db-90f8-40d7-a969-ebe22435b2d9","2018-02-08","STEI_055.basePlot.ltr","D05","STEI","STEI_055","tower","2017-09-05T17:00Z","2017-10-02T17:00Z","NEON.LTR.STEI055.20171002.LVS","NEON.LTR.STEI055.20171002.LVS.LIG",NA,2,0.538,24.39,21.76,"0","0",NA,"University of Florida Wetland Biogeochemistry Laboratory","WBL-M-028","bKF36824dpcABkIQiw5BLQ==","5NMApxg5Cd0pWFY84VRdIg==",NA
"cbf9d3ee-8a85-4564-ae41-69ea4e044fa1","2018-02-08","STEI_050.basePlot.ltr","D05","STEI","STEI_050","tower","2017-09-05T17:00Z","2017-10-02T17:00Z","NEON.LTR.STEI050.20171002.LVS","NEON.LTR.STEI050.20171002.LVS.LIG",NA,1,0.504,35.32,22.79,"0","0",NA,"University of Florida Wetland Biogeochemistry Laboratory","WBL-M-028","bKF36824dpcABkIQiw5BLQ==","5NMApxg5Cd0pWFY84VRdIg==",NA
"e4a3046c-2447-470f-917b-90958cc27564","2018-02-08","STEI_061.basePlot.ltr","D05","STEI","STEI_061","tower","2017-09-05T17:00Z","2017-10-02T17:00Z","NEON.LTR.STEI061.20171002.NDL","NEON.LTR.STEI061.20171002.NDL.LIG",NA,1,0.539,32.16,25.8,"0","0",NA,"University of Florida Wetland Biogeochemistry Laboratory","WBL-M-028","bKF36824dpcABkIQiw5BLQ==","5NMApxg5Cd0pWFY84VRdIg==",NA
"e4c80d1a-e4dc-447e-80ee-cca9e726b38a","2018-02-08","STEI_061.basePlot.ltr","D05","STEI","STEI_061","tower","2017-09-05T17:00Z","2017-10-02T17:00Z","NEON.LTR.STEI061.20171002.LVS","NEON.LTR.STEI061.20171002.LVS.LIG",NA,1,0.533,28.01,22.57,"0","0",NA,"University of Florida Wetland Biogeochemistry Laboratory","WBL-M-028","bKF36824dpcABkIQiw5BLQ==","5NMApxg5Cd0pWFY84VRdIg==",NA
"30d7dc81-85df-402d-8f72-94d50dcfb32a","2018-02-08","STEI_053.basePlot.ltr","D05","STEI","STEI_053","tower","2017-09-05T17:00Z","2017-10-02T17:00Z","NEON.LTR.STEI053.20171002.LVS","NEON.LTR.STEI053.20171002.LVS.LIG",NA,1,0.511,33.11,22.68,"0","0",NA,"University of Florida Wetland Biogeochemistry Laboratory","WBL-M-028","bKF36824dpcABkIQiw5BLQ==","5NMApxg5Cd0pWFY84VRdIg==",NA
"6cdc851e-ce0f-4aa2-8ac0-bf91c518397b","2018-02-08","STEI_049.basePlot.ltr","D05","STEI","STEI_049","tower","2017-09-05T17:00Z","2017-10-02T17:00Z","NEON.LTR.STEI049.20171002.LVS","NEON.LTR.STEI049.20171002.LVS.LIG",NA,1,0.549,37.06,20.78,"0","0",NA,"University of Florida Wetland Biogeochemistry Laboratory","WBL-M-028","bKF36824dpcABkIQiw5BLQ==","5NMApxg5Cd0pWFY84VRdIg==",NA
"925931d2-bd27-4c91-bab5-23d4695c62db","2018-02-08","STEI_056.basePlot.ltr","D05","STEI","STEI_056","tower","2017-09-05T17:00Z","2017-10-02T17:00Z","NEON.LTR.STEI056.20171002.LVS","NEON.LTR.STEI056.20171002.LVS.LIG",NA,1,0.53,34.3,26.71,"0","0",NA,"University of Florida Wetland Biogeochemistry Laboratory","WBL-M-028","bKF36824dpcABkIQiw5BLQ==","5NMApxg5Cd0pWFY84VRdIg==",NA
"63c89d28-3389-4b64-8c88-05305a954819","2018-02-08","STEI_051.basePlot.ltr","D05","STEI","STEI_051","tower","2017-09-05T17:00Z","2017-10-02T17:00Z","NEON.LTR.STEI051.20171002.LVS","NEON.LTR.STEI051.20171002.LVS.LIG",NA,1,0.526,22.8,22.37,"0","0",NA,"University of Florida Wetland Biogeochemistry Laboratory","WBL-M-028","bKF36824dpcABkIQiw5BLQ==","5NMApxg5Cd0pWFY84VRdIg==",NA
"99927fa8-6a0d-41c3-a303-884fe2fcfba4","2018-02-08","STEI_059.basePlot.ltr","D05","STEI","STEI_059","tower","2017-09-05T17:00Z","2017-10-02T17:00Z","NEON.LTR.STEI059.20171002.LVS","NEON.LTR.STEI059.20171002.LVS.LIG",NA,1,0.495,28.96,22.73,"0","0",NA,"University of Florida Wetland Biogeochemistry Laboratory","WBL-M-028","bKF36824dpcABkIQiw5BLQ==","5NMApxg5Cd0pWFY84VRdIg==",NA
"688da03d-06bb-4996-84b5-28c6f1b77a54","2018-02-08","STEI_052.basePlot.ltr","D05","STEI","STEI_052","tower","2017-09-05T17:00Z","2017-10-02T17:00Z","NEON.LTR.STEI052.20171002.LVS","NEON.LTR.STEI052.20171002.LVS.LIG",NA,1,0.535,34.21,22.37,"0","0",NA,"University of Florida Wetland Biogeochemistry Laboratory","WBL-M-028","bKF36824dpcABkIQiw5BLQ==","5NMApxg5Cd0pWFY84VRdIg==",NA
"683f33c9-689e-4d1b-919b-8df0b11bb86d","2018-02-08","STEI_058.basePlot.ltr","D05","STEI","STEI_058","tower","2017-09-05T17:00Z","2017-10-02T17:00Z","NEON.LTR.STEI058.20171002.LVS","NEON.LTR.STEI058.20171002.LVS.LIG",NA,1,0.493,34.32,22.94,"0","0",NA,"University of Florida Wetland Biogeochemistry Laboratory","WBL-M-028","bKF36824dpcABkIQiw5BLQ==","5NMApxg5Cd0pWFY84VRdIg==",NA
"a818228b-2446-48e6-b9e8-f45595ca4391","2018-02-08","STEI_060.basePlot.ltr","D05","STEI","STEI_060","tower","2017-09-05T17:00Z","2017-10-02T17:00Z","NEON.LTR.STEI060.20171002.NDL","NEON.LTR.STEI060.20171002.NDL.LIG",NA,1,0.499,30.75,22.94,"0","0",NA,"University of Florida Wetland Biogeochemistry Laboratory","WBL-M-028","bKF36824dpcABkIQiw5BLQ==","5NMApxg5Cd0pWFY84VRdIg==",NA
"381d8d4e-ebca-476e-b732-cb5fb3e9c780","2018-02-08","STEI_060.basePlot.ltr","D05","STEI","STEI_060","tower","2017-09-05T17:00Z","2017-10-02T17:00Z","NEON.LTR.STEI060.20171002.LVS","NEON.LTR.STEI060.20171002.LVS.LIG",NA,1,0.513,36.98,21.8,"0","0",NA,"University of Florida Wetland Biogeochemistry Laboratory","WBL-M-028","bKF36824dpcABkIQiw5BLQ==","5NMApxg5Cd0pWFY84VRdIg==",NA
"42b2e50f-9bdb-4177-a332-9adaab301896","2018-02-08","STEI_048.basePlot.ltr","D05","STEI","STEI_048","tower","2017-09-05T17:00Z","2017-10-02T17:00Z","NEON.LTR.STEI048.20171002.NDL","NEON.LTR.STEI048.20171002.NDL.LIG",NA,1,0.51,30.42,24.31,"0","0",NA,"University of Florida Wetland Biogeochemistry Laboratory","WBL-M-028","bKF36824dpcABkIQiw5BLQ==","5NMApxg5Cd0pWFY84VRdIg==",NA
"9c9b4530-dee3-4247-80c5-4ba17b099059","2018-02-08","STEI_057.basePlot.ltr","D05","STEI","STEI_057","tower","2017-09-05T17:00Z","2017-10-02T17:00Z","NEON.LTR.STEI057.20171002.LVS","NEON.LTR.STEI057.20171002.LVS.LIG",NA,1,0.533,34.03,24.46,"0","0",NA,"University of Florida Wetland Biogeochemistry Laboratory","WBL-M-028","bKF36824dpcABkIQiw5BLQ==","5NMApxg5Cd0pWFY84VRdIg==",NA
"b516e57a-51a5-44a5-9712-b28c9041b2d9","2018-02-08","STEI_054.basePlot.ltr","D05","STEI","STEI_054","tower","2017-09-05T17:00Z","2017-10-02T17:00Z","NEON.LTR.STEI054.20171002.LVS","NEON.LTR.STEI054.20171002.LVS.LIG",NA,1,0.53,34.31,22.96,"0","0",NA,"University of Florida Wetland Biogeochemistry Laboratory","WBL-M-028","bKF36824dpcABkIQiw5BLQ==","5NMApxg5Cd0pWFY84VRdIg==",NA
"8073bbf0-5bce-4821-a7ef-545b05b6c948","2018-02-08","STEI_047.basePlot.ltr","D05","STEI","STEI_047","tower","2017-09-05T17:00Z","2017-10-02T17:00Z","NEON.LTR.STEI047.20171002.LVS","NEON.LTR.STEI047.20171002.LVS.LIG",NA,1,0.5,31.02,22.07,"0","0",NA,"University of Florida Wetland Biogeochemistry Laboratory","WBL-M-028","bKF36824dpcABkIQiw5BLQ==","5NMApxg5Cd0pWFY84VRdIg==",NA
"323b1cb9-dc70-4b35-be91-bc750b74386c","2017-08-30","UNDE_060.basePlot.ltr","D05","UNDE","UNDE_060","tower","2016-09-26T17:00Z","2016-10-10T17:00Z","NEON.LTR.UNDE060.20161010.NDL","NEON.LTR.UNDE060.20161010.NDL.LIG",NA,1,0.459,29.89,21.48,"0","0",NA,"University of Florida Wetland Biogeochemistry Laboratory","WBL-M-028","bKF36824dpcABkIQiw5BLQ==","5NMApxg5Cd0pWFY84VRdIg==",NA
"862f6ac3-4ec3-4a52-ac29-9f6e77f9e84d","2017-08-30","UNDE_043.basePlot.ltr","D05","UNDE","UNDE_043","tower","2016-09-26T17:00Z","2016-10-10T17:00Z","NEON.LTR.UNDE043.20161010.LVS","NEON.LTR.UNDE043.20161010.LVS.LIG",NA,1,0.491,17.49,21.72,"0","0",NA,"University of Florida Wetland Biogeochemistry Laboratory","WBL-M-028","bKF36824dpcABkIQiw5BLQ==","5NMApxg5Cd0pWFY84VRdIg==",NA
"088810ba-b9e6-4898-8759-be7a0bd06a9b","2017-09-05","UNDE_049.basePlot.ltr","D05","UNDE","UNDE_049","tower","2016-09-26T17:00Z","2016-10-10T17:00Z","NEON.LTR.UNDE049.20161010.NDL","NEON.LTR.UNDE049.20161010.NDL.LIG",NA,1,0.46,28.6,16.58,"0","0",NA,"University of Florida Wetland Biogeochemistry Laboratory","WBL-M-028","bKF36824dpcABkIQiw5BLQ==","5NMApxg5Cd0pWFY84VRdIg==",NA
"92276e3b-b071-4985-9ab5-31ad84f844ee","2017-09-05","UNDE_057.basePlot.ltr","D05","UNDE","UNDE_057","tower","2016-09-26T17:00Z","2016-10-10T17:00Z","NEON.LTR.UNDE057.20161010.NDL","NEON.LTR.UNDE057.20161010.NDL.LIG",NA,1,0.465,26.04,21.72,"0","0",NA,"University of Florida Wetland Biogeochemistry Laboratory","WBL-M-028","bKF36824dpcABkIQiw5BLQ==","5NMApxg5Cd0pWFY84VRdIg==",NA
"5530fe2b-cc9c-4db0-b6fb-be4a732e3954","2017-08-30","UNDE_055.basePlot.ltr","D05","UNDE","UNDE_055","tower","2016-09-26T17:00Z","2016-10-10T17:00Z","NEON.LTR.UNDE055.20161010.LVS","NEON.LTR.UNDE055.20161010.LVS.LIG",NA,1,0.481,18.07,21.52,"0","0",NA,"University of Florida Wetland Biogeochemistry Laboratory","WBL-M-028","bKF36824dpcABkIQiw5BLQ==","5NMApxg5Cd0pWFY84VRdIg==",NA
"4a28039a-da7c-4ada-9e11-fdbdfef2819b","2017-09-05","UNDE_038.basePlot.ltr","D05","UNDE","UNDE_038","tower","2016-09-26T17:00Z","2016-10-10T17:00Z","NEON.LTR.UNDE038.20161010.LVS","NEON.LTR.UNDE038.20161010.LVS.LIG",NA,1,0.467,16.52,18.11,"0","0",NA,"University of Florida Wetland Biogeochemistry Laboratory","WBL-M-028","bKF36824dpcABkIQiw5BLQ==","5NMApxg5Cd0pWFY84VRdIg==",NA
"9642ce05-f88f-49f2-9c80-8782095497dd","2017-09-05","UNDE_044.basePlot.ltr","D05","UNDE","UNDE_044","tower","2016-09-26T17:00Z","2016-10-10T17:00Z","NEON.LTR.UNDE044.20161010.NDL","NEON.LTR.UNDE044.20161010.NDL.LIG",NA,1,0.456,17.53,20.57,"0","0",NA,"University of Florida Wetland Biogeochemistry Laboratory","WBL-M-028","bKF36824dpcABkIQiw5BLQ==","5NMApxg5Cd0pWFY84VRdIg==",NA
"44ee90e7-7a78-4f32-a58f-fbc100e880b4","2017-08-30","UNDE_047.basePlot.ltr","D05","UNDE","UNDE_047","tower","2016-09-26T17:00Z","2016-10-10T17:00Z","NEON.LTR.UNDE047.20161010.LVS","NEON.LTR.UNDE047.20161010.LVS.LIG",NA,1,0.482,18.29,20.5,"0","0",NA,"University of Florida Wetland Biogeochemistry Laboratory","WBL-M-028","bKF36824dpcABkIQiw5BLQ==","5NMApxg5Cd0pWFY84VRdIg==",NA
"86927b2f-ccb4-4e6a-922d-b43f23a8b338","2017-08-30","UNDE_059.basePlot.ltr","D05","UNDE","UNDE_059","tower","2016-09-26T17:00Z","2016-10-10T17:00Z","NEON.LTR.UNDE059.20161010.NDL","NEON.LTR.UNDE059.20161010.NDL.LIG",NA,1,0.48,21.77,22.89,"0","0",NA,"University of Florida Wetland Biogeochemistry Laboratory","WBL-M-028","bKF36824dpcABkIQiw5BLQ==","5NMApxg5Cd0pWFY84VRdIg==",NA
"30d2e2de-8c98-40eb-b59d-56e67792c090","2017-08-30","UNDE_057.basePlot.ltr","D05","UNDE","UNDE_057","tower","2016-09-26T17:00Z","2016-10-10T17:00Z","NEON.LTR.UNDE057.20161010.LVS","NEON.LTR.UNDE057.20161010.LVS.LIG",NA,1,0.501,18.51,20.68,"0","0",NA,"University of Florida Wetland Biogeochemistry Laboratory","WBL-M-028","bKF36824dpcABkIQiw5BLQ==","5NMApxg5Cd0pWFY84VRdIg==",NA
"f8d87740-98a0-49a8-a149-135ac16f2fde","2018-12-26","UKFS_048.basePlot.ltr","D06","UKFS","UKFS_048","tower","2018-10-01T17:00Z","2018-10-15T17:00Z","NEON.LTR.UKFS048.20181015.LVS","NEON.LTR.UKFS048.20181015.LVS.LIG","A00000041527",1,0.517,15.62,19.02,"0","0",NA,"University of Florida Wetland Biogeochemistry Laboratory","WBL-M-028","8kr+qfmeu1FQ7vvHWE7F/A==","5NMApxg5Cd0pWFY84VRdIg==",NA
"79f61fe4-16f2-400e-9cda-0dddd484a1cc","2018-12-26","UKFS_056.basePlot.ltr","D06","UKFS","UKFS_056","tower","2018-10-01T17:00Z","2018-10-15T17:00Z","NEON.LTR.UKFS056.20181015.LVS","NEON.LTR.UKFS056.20181015.LVS.LIG","A00000041560",1,0.518,22.88,22.37,"0","0",NA,"University of Florida Wetland Biogeochemistry Laboratory","WBL-M-028","8kr+qfmeu1FQ7vvHWE7F/A==","5NMApxg5Cd0pWFY84VRdIg==",NA
"9bd7bc2b-f084-4707-87ea-cb5ac6e3d7f2","2018-12-26","UKFS_049.basePlot.ltr","D06","UKFS","UKFS_049","tower","2018-10-01T17:00Z","2018-10-15T17:00Z","NEON.LTR.UKFS049.20181015.LVS","NEON.LTR.UKFS049.20181015.LVS.LIG","A00000041533",1,0.506,22.92,21.26,"0","0",NA,"University of Florida Wetland Biogeochemistry Laboratory","WBL-M-028","8kr+qfmeu1FQ7vvHWE7F/A==","5NMApxg5Cd0pWFY84VRdIg==",NA
"3dbee1ff-ea87-42b9-8376-25ea0524634b","2018-12-26","UKFS_049.basePlot.ltr","D06","UKFS","UKFS_049","tower","2018-10-01T17:00Z","2018-10-15T17:00Z","NEON.LTR.UKFS049.20181015.LVS","NEON.LTR.UKFS049.20181015.LVS.LIG","A00000041533",2,0.51,23.34,20.66,"0","0",NA,"University of Florida Wetland Biogeochemistry Laboratory","WBL-M-028","8kr+qfmeu1FQ7vvHWE7F/A==","5NMApxg5Cd0pWFY84VRdIg==",NA
"b1d0992d-912a-463a-ac1b-58c0028cfd46","2018-12-26","UKFS_046.basePlot.ltr","D06","UKFS","UKFS_046","tower","2018-10-01T17:00Z","2018-10-15T17:00Z","NEON.LTR.UKFS046.20181015.LVS","NEON.LTR.UKFS046.20181015.LVS.LIG","A00000041575",1,0.518,17.98,21.44,"0","0",NA,"University of Florida Wetland Biogeochemistry Laboratory","WBL-M-028","8kr+qfmeu1FQ7vvHWE7F/A==","5NMApxg5Cd0pWFY84VRdIg==",NA
"23dbe1fd-aa90-4450-be0b-0f47a05e91d1","2018-12-26","UKFS_058.basePlot.ltr","D06","UKFS","UKFS_058","tower","2018-10-01T17:00Z","2018-10-15T17:00Z","NEON.LTR.UKFS058.20181015.LVS","NEON.LTR.UKFS058.20181015.LVS.LIG","A00000041567",1,0.512,20.06,25.97,"0","0",NA,"University of Florida Wetland Biogeochemistry Laboratory","WBL-M-028","8kr+qfmeu1FQ7vvHWE7F/A==","5NMApxg5Cd0pWFY84VRdIg==",NA
"f63e325f-e3d2-4a72-8c84-73120e13a9d0","2018-12-26","UKFS_055.basePlot.ltr","D06","UKFS","UKFS_055","tower","2018-10-01T17:00Z","2018-10-15T17:00Z","NEON.LTR.UKFS055.20181015.LVS","NEON.LTR.UKFS055.20181015.LVS.LIG","A00000041569",1,0.509,20.98,22.08,"0","0",NA,"University of Florida Wetland Biogeochemistry Laboratory","WBL-M-028","8kr+qfmeu1FQ7vvHWE7F/A==","5NMApxg5Cd0pWFY84VRdIg==",NA
"e98ed80b-3f5a-4d2f-9b3e-f1d617118267","2018-12-26","UKFS_059.basePlot.ltr","D06","UKFS","UKFS_059","tower","2018-10-01T17:00Z","2018-10-15T17:00Z","NEON.LTR.UKFS059.20181015.LVS","NEON.LTR.UKFS059.20181015.LVS.LIG","A00000041564",1,0.501,17.69,19.91,"0","0",NA,"University of Florida Wetland Biogeochemistry Laboratory","WBL-M-028","8kr+qfmeu1FQ7vvHWE7F/A==","5NMApxg5Cd0pWFY84VRdIg==",NA
"00d1a43a-a16b-449b-a324-7c39df0e04cd","2018-12-26","UKFS_044.basePlot.ltr","D06","UKFS","UKFS_044","tower","2018-10-01T17:00Z","2018-10-15T17:00Z","NEON.LTR.UKFS044.20181015.LVS","NEON.LTR.UKFS044.20181015.LVS.LIG","A00000041531",1,0.505,26.94,25.97,"0","0",NA,"University of Florida Wetland Biogeochemistry Laboratory","WBL-M-028","8kr+qfmeu1FQ7vvHWE7F/A==","5NMApxg5Cd0pWFY84VRdIg==",NA
"120a7829-b4ee-4e24-b230-75368dfe67f8","2018-12-26","UKFS_050.basePlot.ltr","D06","UKFS","UKFS_050","tower","2018-10-01T17:00Z","2018-10-15T17:00Z","NEON.LTR.UKFS050.20181015.LVS","NEON.LTR.UKFS050.20181015.LVS.LIG","A00000041517",1,0.502,21.48,28.22,"0","0",NA,"University of Florida Wetland Biogeochemistry Laboratory","WBL-M-028","8kr+qfmeu1FQ7vvHWE7F/A==","5NMApxg5Cd0pWFY84VRdIg==",NA
"742cfc7c-f95c-4430-bb93-4ef0fcf439b1","2018-12-26","UKFS_053.basePlot.ltr","D06","UKFS","UKFS_053","tower","2018-10-01T17:00Z","2018-10-15T17:00Z","NEON.LTR.UKFS053.20181015.LVS","NEON.LTR.UKFS053.20181015.LVS.LIG","A00000041520",1,0.497,26.15,23.89,"0","0",NA,"University of Florida Wetland Biogeochemistry Laboratory","WBL-M-028","8kr+qfmeu1FQ7vvHWE7F/A==","5NMApxg5Cd0pWFY84VRdIg==",NA
"12ab716b-f592-464f-8d05-74aadbcbee3d","2018-12-26","UKFS_054.basePlot.ltr","D06","UKFS","UKFS_054","tower","2018-10-01T17:00Z","2018-10-15T17:00Z","NEON.LTR.UKFS054.20181015.LVS","NEON.LTR.UKFS054.20181015.LVS.LIG","A00000041539",1,0.504,19.42,20.78,"0","0",NA,"University of Florida Wetland Biogeochemistry Laboratory","WBL-M-028","8kr+qfmeu1FQ7vvHWE7F/A==","5NMApxg5Cd0pWFY84VRdIg==",NA
"505599d8-c916-4ed7-9447-97c014a535c3","2018-12-26","UKFS_060.basePlot.ltr","D06","UKFS","UKFS_060","tower","2018-10-01T17:00Z","2018-10-15T17:00Z","NEON.LTR.UKFS060.20181015.LVS","NEON.LTR.UKFS060.20181015.LVS.LIG","A00000041549",1,0.503,23.02,21.76,"0","0",NA,"University of Florida Wetland Biogeochemistry Laboratory","WBL-M-028","8kr+qfmeu1FQ7vvHWE7F/A==","5NMApxg5Cd0pWFY84VRdIg==",NA
"e10a5f66-a1e8-4ce5-8fdb-4be9f0ca8402","2018-12-26","UKFS_031.basePlot.ltr","D06","UKFS","UKFS_031","tower","2018-10-01T17:00Z","2018-10-15T17:00Z","NEON.LTR.UKFS031.20181015.LVS","NEON.LTR.UKFS031.20181015.LVS.LIG","A00000041545",1,0.498,22.4,21.77,"0","0",NA,"University of Florida Wetland Biogeochemistry Laboratory","WBL-M-028","8kr+qfmeu1FQ7vvHWE7F/A==","5NMApxg5Cd0pWFY84VRdIg==",NA
"c58993e7-1f13-49fc-b017-22a601424710","2018-12-26","UKFS_051.basePlot.ltr","D06","UKFS","UKFS_051","tower","2018-10-01T17:00Z","2018-10-15T17:00Z","NEON.LTR.UKFS051.20181015.NDL","NEON.LTR.UKFS051.20181015.NDL.LIG","A00000041541",1,0.512,30.79,21.06,"0","0",NA,"University of Florida Wetland Biogeochemistry Laboratory","WBL-M-028","8kr+qfmeu1FQ7vvHWE7F/A==","5NMApxg5Cd0pWFY84VRdIg==",NA
"81818fd9-9bdd-49fe-bd01-481d84a0831d","2018-12-26","UKFS_051.basePlot.ltr","D06","UKFS","UKFS_051","tower","2018-10-01T17:00Z","2018-10-15T17:00Z","NEON.LTR.UKFS051.20181015.LVS","NEON.LTR.UKFS051.20181015.LVS.LIG","A00000041554",1,0.505,25.83,23.65,"0","0",NA,"University of Florida Wetland Biogeochemistry Laboratory","WBL-M-028","8kr+qfmeu1FQ7vvHWE7F/A==","5NMApxg5Cd0pWFY84VRdIg==",NA
"b5a2d55f-bfae-4ff8-8c30-f032cd11c67c","2018-12-26","UKFS_047.basePlot.ltr","D06","UKFS","UKFS_047","tower","2018-10-01T17:00Z","2018-10-15T17:00Z","NEON.LTR.UKFS047.20181015.LVS","NEON.LTR.UKFS047.20181015.LVS.LIG","A00000041557",1,0.506,21.61,20.51,"0","0",NA,"University of Florida Wetland Biogeochemistry Laboratory","WBL-M-028","8kr+qfmeu1FQ7vvHWE7F/A==","5NMApxg5Cd0pWFY84VRdIg==",NA
"4df8017b-b36e-4644-ad8e-316be83663d4","2018-12-26","UKFS_057.basePlot.ltr","D06","UKFS","UKFS_057","tower","2018-10-01T17:00Z","2018-10-15T17:00Z","NEON.LTR.UKFS057.20181015.LVS","NEON.LTR.UKFS057.20181015.LVS.LIG","A00000041543",1,0.518,21.37,28.15,"0","0",NA,"University of Florida Wetland Biogeochemistry Laboratory","WBL-M-028","8kr+qfmeu1FQ7vvHWE7F/A==","5NMApxg5Cd0pWFY84VRdIg==",NA
"820093a0-b56f-441a-8b8f-bc330d1f925a","2018-12-26","UKFS_057.basePlot.ltr","D06","UKFS","UKFS_057","tower","2018-10-01T17:00Z","2018-10-15T17:00Z","NEON.LTR.UKFS057.20181015.NDL","NEON.LTR.UKFS057.20181015.NDL.LIG","A00000041535",1,0.506,32.76,22.52,"0","0",NA,"University of Florida Wetland Biogeochemistry Laboratory","WBL-M-028","8kr+qfmeu1FQ7vvHWE7F/A==","5NMApxg5Cd0pWFY84VRdIg==",NA
"ffc8eb4c-36ae-464f-a5b8-2edba37cbbd0","2018-12-26","UKFS_032.basePlot.ltr","D06","UKFS","UKFS_032","tower","2018-10-01T17:00Z","2018-10-15T17:00Z","NEON.LTR.UKFS032.20181015.LVS","NEON.LTR.UKFS032.20181015.LVS.LIG","A00000041573",1,0.504,25.56,25.7,"0","0",NA,"University of Florida Wetland Biogeochemistry Laboratory","WBL-M-028","8kr+qfmeu1FQ7vvHWE7F/A==","5NMApxg5Cd0pWFY84VRdIg==",NA
"047d495e-55f5-46e7-97c8-55fb61009341","2018-12-26","UKFS_052.basePlot.ltr","D06","UKFS","UKFS_052","tower","2018-10-01T17:00Z","2018-10-15T17:00Z","NEON.LTR.UKFS052.20181015.LVS","NEON.LTR.UKFS052.20181015.LVS.LIG","A00000041523",1,0.507,21.66,23.59,"0","0",NA,"University of Florida Wetland Biogeochemistry Laboratory","WBL-M-028","8kr+qfmeu1FQ7vvHWE7F/A==","5NMApxg5Cd0pWFY84VRdIg==",NA
"2006ed3c-fcb2-4261-acd6-7cf6dec98eab","2018-12-26","UKFS_043.basePlot.ltr","D06","UKFS","UKFS_043","tower","2018-10-01T17:00Z","2018-10-15T17:00Z","NEON.LTR.UKFS043.20181015.LVS","NEON.LTR.UKFS043.20181015.LVS.LIG","A00000041577",1,0.512,23.28,23.7,"0","0",NA,"University of Florida Wetland Biogeochemistry Laboratory","WBL-M-028","8kr+qfmeu1FQ7vvHWE7F/A==","5NMApxg5Cd0pWFY84VRdIg==",NA
"bcc694e3-4239-43da-a1a4-e1dbb68bb55d","2018-12-26","UKFS_045.basePlot.ltr","D06","UKFS","UKFS_045","tower","2018-10-01T17:00Z","2018-10-15T17:00Z","NEON.LTR.UKFS045.20181015.LVS","NEON.LTR.UKFS045.20181015.LVS.LIG","A00000041551",1,0.521,23.61,26.42,"0","0",NA,"University of Florida Wetland Biogeochemistry Laboratory","WBL-M-028","8kr+qfmeu1FQ7vvHWE7F/A==","5NMApxg5Cd0pWFY84VRdIg==",NA
"c133e16e-7532-4a53-acd4-239545c1394f","2019-01-24","MLBS_074.basePlot.ltr","D07","MLBS","MLBS_074","tower","2018-09-26T16:00Z","2018-10-09T16:00Z","NEON.LTR.MLBS074.20181009.LVS","NEON.LTR.MLBS074.20181009.LVS.LIG","A00000044751",1,0.517,25.9,19.01,"0","0",NA,"University of Florida Wetland Biogeochemistry Laboratory","WBL-M-028","8kr+qfmeu1FQ7vvHWE7F/A==","5NMApxg5Cd0pWFY84VRdIg==",NA
"6afd2a80-d0b4-4e8f-946b-7da4308f06f3","2019-01-24","MLBS_062.basePlot.ltr","D07","MLBS","MLBS_062","tower","2018-09-26T16:00Z","2018-10-09T16:00Z","NEON.LTR.MLBS062.20181009.LVS","NEON.LTR.MLBS062.20181009.LVS.LIG","A00000044713",1,0.485,24.57,21.8,"0","0",NA,"University of Florida Wetland Biogeochemistry Laboratory","WBL-M-028","8kr+qfmeu1FQ7vvHWE7F/A==","5NMApxg5Cd0pWFY84VRdIg==",NA
"a873140b-1d90-4bb7-ab77-075e2901ef34","2019-01-24","MLBS_063.basePlot.ltr","D07","MLBS","MLBS_063","tower","2018-09-26T16:00Z","2018-10-09T16:00Z","NEON.LTR.MLBS063.20181009.LVS","NEON.LTR.MLBS063.20181009.LVS.LIG","A00000044717",1,0.536,28.79,19.87,"0","0",NA,"University of Florida Wetland Biogeochemistry Laboratory","WBL-M-028","8kr+qfmeu1FQ7vvHWE7F/A==","5NMApxg5Cd0pWFY84VRdIg==",NA
"1f5c1600-ef35-4341-be42-638a044a1d05","2019-01-24","MLBS_063.basePlot.ltr","D07","MLBS","MLBS_063","tower","2018-09-26T16:00Z","2018-10-09T16:00Z","NEON.LTR.MLBS063.20181009.LVS","NEON.LTR.MLBS063.20181009.LVS.LIG","A00000044717",2,0.507,28.08,19.7,"0","0",NA,"University of Florida Wetland Biogeochemistry Laboratory","WBL-M-028","8kr+qfmeu1FQ7vvHWE7F/A==","5NMApxg5Cd0pWFY84VRdIg==",NA
"185f0ffd-fee7-4bb8-9f68-dca47d4394ae","2019-01-24","MLBS_071.basePlot.ltr","D07","MLBS","MLBS_071","tower","2018-09-26T16:00Z","2018-10-09T16:00Z","NEON.LTR.MLBS071.20181009.LVS","NEON.LTR.MLBS071.20181009.LVS.LIG","A00000044741",1,0.517,31.87,20.01,"0","0",NA,"University of Florida Wetland Biogeochemistry Laboratory","WBL-M-028","8kr+qfmeu1FQ7vvHWE7F/A==","5NMApxg5Cd0pWFY84VRdIg==",NA
"57e38d32-f619-441e-ba3b-b10ab250ab8a","2019-01-24","MLBS_064.basePlot.ltr","D07","MLBS","MLBS_064","tower","2018-09-26T16:00Z","2018-10-09T16:00Z","NEON.LTR.MLBS064.20181009.LVS","NEON.LTR.MLBS064.20181009.LVS.LIG","A00000044720",1,0.537,27.22,19.89,"0","0",NA,"University of Florida Wetland Biogeochemistry Laboratory","WBL-M-028","8kr+qfmeu1FQ7vvHWE7F/A==","5NMApxg5Cd0pWFY84VRdIg==",NA
"876418b5-546d-4477-ba93-9df8fd63a791","2019-01-24","MLBS_075.basePlot.ltr","D07","MLBS","MLBS_075","tower","2018-09-26T16:00Z","2018-10-09T16:00Z","NEON.LTR.MLBS075.20181009.LVS","NEON.LTR.MLBS075.20181009.LVS.LIG","A00000044754",1,0.518,33.67,19.43,"0","0",NA,"University of Florida Wetland Biogeochemistry Laboratory","WBL-M-028","8kr+qfmeu1FQ7vvHWE7F/A==","5NMApxg5Cd0pWFY84VRdIg==",NA
"b18c1f40-052c-4a84-8c03-8d74b6e2d62c","2019-01-24","MLBS_068.basePlot.ltr","D07","MLBS","MLBS_068","tower","2018-09-26T16:00Z","2018-10-09T16:00Z","NEON.LTR.MLBS068.20181009.LVS","NEON.LTR.MLBS068.20181009.LVS.LIG","A00000044732",1,0.551,34.26,18.45,"0","0",NA,"University of Florida Wetland Biogeochemistry Laboratory","WBL-M-028","8kr+qfmeu1FQ7vvHWE7F/A==","5NMApxg5Cd0pWFY84VRdIg==",NA
"696d538c-776f-45fe-a43d-56de7cbb6b1e","2019-01-24","MLBS_069.basePlot.ltr","D07","MLBS","MLBS_069","tower","2018-09-26T16:00Z","2018-10-09T16:00Z","NEON.LTR.MLBS069.20181009.LVS","NEON.LTR.MLBS069.20181009.LVS.LIG","A00000044735",1,0.477,26.29,18.78,"0","0",NA,"University of Florida Wetland Biogeochemistry Laboratory","WBL-M-028","8kr+qfmeu1FQ7vvHWE7F/A==","5NMApxg5Cd0pWFY84VRdIg==",NA
"de91ba99-439d-4166-9779-1ce8eea37afa","2019-01-24","MLBS_072.basePlot.ltr","D07","MLBS","MLBS_072","tower","2018-09-26T16:00Z","2018-10-09T16:00Z","NEON.LTR.MLBS072.20181009.LVS","NEON.LTR.MLBS072.20181009.LVS.LIG","A00000044745",1,0.593,38.79,17.82,"0","0",NA,"University of Florida Wetland Biogeochemistry Laboratory","WBL-M-028","8kr+qfmeu1FQ7vvHWE7F/A==","5NMApxg5Cd0pWFY84VRdIg==",NA
"bb823815-ced6-471e-b91b-fcb713a0f5d4","2019-01-24","MLBS_067.basePlot.ltr","D07","MLBS","MLBS_067","tower","2018-09-26T16:00Z","2018-10-09T16:00Z","NEON.LTR.MLBS067.20181009.LVS","NEON.LTR.MLBS067.20181009.LVS.LIG","A00000044730",1,0.53,32.28,18.75,"0","0",NA,"University of Florida Wetland Biogeochemistry Laboratory","WBL-M-028","8kr+qfmeu1FQ7vvHWE7F/A==","5NMApxg5Cd0pWFY84VRdIg==",NA
"6c500d4d-2b3b-4c81-98d4-73075d5eac63","2019-01-24","MLBS_066.basePlot.ltr","D07","MLBS","MLBS_066","tower","2018-09-26T16:00Z","2018-10-09T16:00Z","NEON.LTR.MLBS066.20181009.LVS","NEON.LTR.MLBS066.20181009.LVS.LIG","A00000044726",1,0.539,36.52,18.81,"0","0",NA,"University of Florida Wetland Biogeochemistry Laboratory","WBL-M-028","8kr+qfmeu1FQ7vvHWE7F/A==","5NMApxg5Cd0pWFY84VRdIg==",NA
"d15694c8-588e-4476-b0e6-7fc00c991ebe","2019-01-24","MLBS_070.basePlot.ltr","D07","MLBS","MLBS_070","tower","2018-09-26T16:00Z","2018-10-09T16:00Z","NEON.LTR.MLBS070.20181009.LVS","NEON.LTR.MLBS070.20181009.LVS.LIG","A00000044738",1,0.53,27.34,19.5,"0","0",NA,"University of Florida Wetland Biogeochemistry Laboratory","WBL-M-028","8kr+qfmeu1FQ7vvHWE7F/A==","5NMApxg5Cd0pWFY84VRdIg==",NA
"3d294f95-120d-4481-bc6c-8ea2b21ca2c6","2019-01-24","MLBS_073.basePlot.ltr","D07","MLBS","MLBS_073","tower","2018-09-26T16:00Z","2018-10-09T16:00Z","NEON.LTR.MLBS073.20181009.LVS","NEON.LTR.MLBS073.20181009.LVS.LIG","A00000044748",1,0.517,26.74,20.35,"0","0",NA,"University of Florida Wetland Biogeochemistry Laboratory","WBL-M-028","8kr+qfmeu1FQ7vvHWE7F/A==","5NMApxg5Cd0pWFY84VRdIg==",NA
"3896ed8a-dc66-4326-b1ab-606ae6d3de8e","2019-01-24","MLBS_061.basePlot.ltr","D07","MLBS","MLBS_061","tower","2018-09-26T16:00Z","2018-10-09T16:00Z","NEON.LTR.MLBS061.20181009.LVS","NEON.LTR.MLBS061.20181009.LVS.LIG","A00000044710",1,0.529,28.56,19.02,"0","0",NA,"University of Florida Wetland Biogeochemistry Laboratory","WBL-M-028","8kr+qfmeu1FQ7vvHWE7F/A==","5NMApxg5Cd0pWFY84VRdIg==",NA
"a86bb1ed-b67c-49bb-87e0-38cd5935c047","2019-01-24","MLBS_076.basePlot.ltr","D07","MLBS","MLBS_076","tower","2018-09-26T16:00Z","2018-10-09T16:00Z","NEON.LTR.MLBS076.20181009.LVS","NEON.LTR.MLBS076.20181009.LVS.LIG","A00000044757",1,0.533,37.15,15.09,"0","0",NA,"University of Florida Wetland Biogeochemistry Laboratory","WBL-M-028","8kr+qfmeu1FQ7vvHWE7F/A==","5NMApxg5Cd0pWFY84VRdIg==",NA
"a98beb7e-ea72-438e-a200-9be234fd9e20","2019-01-24","MLBS_065.basePlot.ltr","D07","MLBS","MLBS_065","tower","2018-09-26T16:00Z","2018-10-09T16:00Z","NEON.LTR.MLBS065.20181009.LVS","NEON.LTR.MLBS065.20181009.LVS.LIG","A00000044723",1,0.517,29.86,19.84,"0","0",NA,"University of Florida Wetland Biogeochemistry Laboratory","WBL-M-028","8kr+qfmeu1FQ7vvHWE7F/A==","5NMApxg5Cd0pWFY84VRdIg==",NA
"26c06f71-3e04-486c-a5d1-4a1876d84c59","2018-01-29","ORNL_057.basePlot.ltr","D07","ORNL","ORNL_057","tower","2017-10-25T16:00Z","2017-11-06T17:00Z","NEON.LTR.ORNL057.20171106.LVS","NEON.LTR.ORNL057.20171106.LVS.LIG",NA,1,0.508,27.97,24.24,"0","0",NA,"University of Florida Wetland Biogeochemistry Laboratory","WBL-M-028","bKF36824dpcABkIQiw5BLQ==","5NMApxg5Cd0pWFY84VRdIg==",NA
"cd40268f-18b1-4c30-8e22-8abe1af77e30","2018-01-29","ORNL_052.basePlot.ltr","D07","ORNL","ORNL_052","tower","2017-10-25T16:00Z","2017-11-06T17:00Z","NEON.LTR.ORNL052.20171106.LVS","NEON.LTR.ORNL052.20171106.LVS.LIG",NA,1,0.547,31.6,24.97,"0","0",NA,"University of Florida Wetland Biogeochemistry Laboratory","WBL-M-028","bKF36824dpcABkIQiw5BLQ==","5NMApxg5Cd0pWFY84VRdIg==",NA
"86baa04a-ded5-4dc5-a025-37a3fac9166b","2018-01-26","ORNL_045.basePlot.ltr","D07","ORNL","ORNL_045","tower","2017-10-25T16:00Z","2017-11-06T17:00Z","NEON.LTR.ORNL045.20171106.LVS","NEON.LTR.ORNL045.20171106.LVS.LIG",NA,1,0.577,31.72,24.86,"0","0",NA,"University of Florida Wetland Biogeochemistry Laboratory","WBL-M-028","bKF36824dpcABkIQiw5BLQ==","5NMApxg5Cd0pWFY84VRdIg==",NA
"a1648eba-e184-40ee-b5d2-a8691a6c8b7b","2018-01-29","ORNL_063.basePlot.ltr","D07","ORNL","ORNL_063","tower","2017-10-25T16:00Z","2017-11-06T17:00Z","NEON.LTR.ORNL063.20171106.NDL","NEON.LTR.ORNL063.20171106.NDL.LIG",NA,1,0.566,28.19,21.58,"0","0",NA,"University of Florida Wetland Biogeochemistry Laboratory","WBL-M-028","bKF36824dpcABkIQiw5BLQ==","5NMApxg5Cd0pWFY84VRdIg==",NA
"64e7aa16-faab-4aea-ab96-add09b77055f","2018-01-29","ORNL_063.basePlot.ltr","D07","ORNL","ORNL_063","tower","2017-10-25T16:00Z","2017-11-06T17:00Z","NEON.LTR.ORNL063.20171106.LVS","NEON.LTR.ORNL063.20171106.LVS.LIG",NA,1,0.55,24.34,22.06,"0","0",NA,"University of Florida Wetland Biogeochemistry Laboratory","WBL-M-028","bKF36824dpcABkIQiw5BLQ==","5NMApxg5Cd0pWFY84VRdIg==",NA
"2364652d-0cca-4ef2-8bc4-8803aa22a255","2018-01-29","ORNL_051.basePlot.ltr","D07","ORNL","ORNL_051","tower","2017-10-25T16:00Z","2017-11-06T17:00Z","NEON.LTR.ORNL051.20171106.LVS","NEON.LTR.ORNL051.20171106.LVS.LIG",NA,1,0.57,24.55,24.58,"0","0",NA,"University of Florida Wetland Biogeochemistry Laboratory","WBL-M-028","bKF36824dpcABkIQiw5BLQ==","5NMApxg5Cd0pWFY84VRdIg==",NA
"122f856b-28bc-4d59-9276-df159be1fb3f","2018-01-29","ORNL_055.basePlot.ltr","D07","ORNL","ORNL_055","tower","2017-10-25T16:00Z","2017-11-06T17:00Z","NEON.LTR.ORNL055.20171106.LVS","NEON.LTR.ORNL055.20171106.LVS.LIG",NA,1,0.534,29.35,26.77,"0","0",NA,"University of Florida Wetland Biogeochemistry Laboratory","WBL-M-028","bKF36824dpcABkIQiw5BLQ==","5NMApxg5Cd0pWFY84VRdIg==",NA
"f6e3c960-8491-4e05-a2bf-3f9129b96b9a","2018-01-26","ORNL_037.basePlot.ltr","D07","ORNL","ORNL_037","tower","2017-10-25T16:00Z","2017-11-06T17:00Z","NEON.LTR.ORNL037.20171106.LVS","NEON.LTR.ORNL037.20171106.LVS.LIG",NA,1,0.54,32.22,24.21,"0","0",NA,"University of Florida Wetland Biogeochemistry Laboratory","WBL-M-028","bKF36824dpcABkIQiw5BLQ==","5NMApxg5Cd0pWFY84VRdIg==",NA
"080be947-799c-48c5-9093-90d265d0f6f2","2018-01-29","ORNL_062.basePlot.ltr","D07","ORNL","ORNL_062","tower","2017-10-25T16:00Z","2017-11-06T17:00Z","NEON.LTR.ORNL062.20171106.LVS","NEON.LTR.ORNL062.20171106.LVS.LIG",NA,1,0.56,34.68,24.46,"0","0",NA,"University of Florida Wetland Biogeochemistry Laboratory","WBL-M-028","bKF36824dpcABkIQiw5BLQ==","5NMApxg5Cd0pWFY84VRdIg==",NA
"d31c5cfa-0e1e-4781-88dc-8fabc33a1bab","2018-01-26","ORNL_046.basePlot.ltr","D07","ORNL","ORNL_046","tower","2017-10-25T16:00Z","2017-11-06T17:00Z","NEON.LTR.ORNL046.20171106.LVS","NEON.LTR.ORNL046.20171106.LVS.LIG",NA,1,0.544,20.15,19.99,"0","0",NA,"University of Florida Wetland Biogeochemistry Laboratory","WBL-M-028","bKF36824dpcABkIQiw5BLQ==","5NMApxg5Cd0pWFY84VRdIg==",NA
"5aec5fb4-1693-4a21-91c9-750eee39e72c","2018-01-29","ORNL_059.basePlot.ltr","D07","ORNL","ORNL_059","tower","2017-10-25T16:00Z","2017-11-06T17:00Z","NEON.LTR.ORNL059.20171106.LVS","NEON.LTR.ORNL059.20171106.LVS.LIG",NA,1,0.531,28.09,23.42,"0","0",NA,"University of Florida Wetland Biogeochemistry Laboratory","WBL-M-028","bKF36824dpcABkIQiw5BLQ==","5NMApxg5Cd0pWFY84VRdIg==",NA
"71eb1e40-c7c9-48cb-998d-f35309dc5186","2018-01-26","ORNL_049.basePlot.ltr","D07","ORNL","ORNL_049","tower","2017-10-25T16:00Z","2017-11-06T17:00Z","NEON.LTR.ORNL049.20171106.LVS","NEON.LTR.ORNL049.20171106.LVS.LIG",NA,1,0.561,25.96,23.81,"0","0",NA,"University of Florida Wetland Biogeochemistry Laboratory","WBL-M-028","bKF36824dpcABkIQiw5BLQ==","5NMApxg5Cd0pWFY84VRdIg==",NA
"84a9ac3d-70a3-4173-8bfa-30caa9d9e59c","2018-01-29","ORNL_060.basePlot.ltr","D07","ORNL","ORNL_060","tower","2017-10-25T16:00Z","2017-11-06T17:00Z","NEON.LTR.ORNL060.20171106.LVS","NEON.LTR.ORNL060.20171106.LVS.LIG",NA,1,0.574,24.21,26.08,"0","0",NA,"University of Florida Wetland Biogeochemistry Laboratory","WBL-M-028","bKF36824dpcABkIQiw5BLQ==","5NMApxg5Cd0pWFY84VRdIg==",NA
"b8d6c806-8e80-4bc6-a0e4-71fec016ad9c","2018-01-26","ORNL_050.basePlot.ltr","D07","ORNL","ORNL_050","tower","2017-10-25T16:00Z","2017-11-06T17:00Z","NEON.LTR.ORNL050.20171106.LVS","NEON.LTR.ORNL050.20171106.LVS.LIG",NA,1,0.557,27.32,25.55,"0","0",NA,"University of Florida Wetland Biogeochemistry Laboratory","WBL-M-028","bKF36824dpcABkIQiw5BLQ==","5NMApxg5Cd0pWFY84VRdIg==",NA
"bdd8c6f5-50bf-4de4-88ad-3b6fbcb032aa","2018-01-29","ORNL_054.basePlot.ltr","D07","ORNL","ORNL_054","tower","2017-10-25T16:00Z","2017-11-06T17:00Z","NEON.LTR.ORNL054.20171106.LVS","NEON.LTR.ORNL054.20171106.LVS.LIG",NA,1,0.52,27.85,24.87,"0","0",NA,"University of Florida Wetland Biogeochemistry Laboratory","WBL-M-028","bKF36824dpcABkIQiw5BLQ==","5NMApxg5Cd0pWFY84VRdIg==",NA
"b5715956-ce9b-4521-b869-ddf50209a202","2018-01-29","ORNL_061.basePlot.ltr","D07","ORNL","ORNL_061","tower","2017-10-25T16:00Z","2017-11-06T17:00Z","NEON.LTR.ORNL061.20171106.NDL","NEON.LTR.ORNL061.20171106.NDL.LIG",NA,1,0.498,29.3,23.57,"0","0",NA,"University of Florida Wetland Biogeochemistry Laboratory","WBL-M-028","bKF36824dpcABkIQiw5BLQ==","5NMApxg5Cd0pWFY84VRdIg==",NA
"e5a9cd8b-8721-4e6e-808b-dbf27380065a","2018-01-29","ORNL_061.basePlot.ltr","D07","ORNL","ORNL_061","tower","2017-10-25T16:00Z","2017-11-06T17:00Z","NEON.LTR.ORNL061.20171106.LVS","NEON.LTR.ORNL061.20171106.LVS.LIG",NA,1,0.595,18.81,20.44,"0","0",NA,"University of Florida Wetland Biogeochemistry Laboratory","WBL-M-028","bKF36824dpcABkIQiw5BLQ==","5NMApxg5Cd0pWFY84VRdIg==",NA
"8b5fa495-9f82-4029-b59b-b0b955fb95ba","2018-01-26","ORNL_043.basePlot.ltr","D07","ORNL","ORNL_043","tower","2017-10-25T16:00Z","2017-11-06T17:00Z","NEON.LTR.ORNL043.20171106.LVS","NEON.LTR.ORNL043.20171106.LVS.LIG",NA,1,0.547,26,21.24,"0","0",NA,"University of Florida Wetland Biogeochemistry Laboratory","WBL-M-028","bKF36824dpcABkIQiw5BLQ==","5NMApxg5Cd0pWFY84VRdIg==",NA
"3560c487-4f6c-4d9c-83f4-3fe991e5597d","2018-01-26","ORNL_043.basePlot.ltr","D07","ORNL","ORNL_043","tower","2017-10-25T16:00Z","2017-11-06T17:00Z","NEON.LTR.ORNL043.20171106.NDL","NEON.LTR.ORNL043.20171106.NDL.LIG",NA,1,0.584,34.74,25.14,"0","0",NA,"University of Florida Wetland Biogeochemistry Laboratory","WBL-M-028","bKF36824dpcABkIQiw5BLQ==","5NMApxg5Cd0pWFY84VRdIg==",NA
"7390edcc-59cd-427f-aaae-fa249a76c053","2018-01-29","ORNL_056.basePlot.ltr","D07","ORNL","ORNL_056","tower","2017-10-25T16:00Z","2017-11-06T17:00Z","NEON.LTR.ORNL056.20171106.LVS","NEON.LTR.ORNL056.20171106.LVS.LIG",NA,2,0.528,28.12,26.2,"0","0",NA,"University of Florida Wetland Biogeochemistry Laboratory","WBL-M-028","bKF36824dpcABkIQiw5BLQ==","5NMApxg5Cd0pWFY84VRdIg==",NA
"b5f3b7dc-bad6-4603-97bf-1780d953004c","2018-01-29","ORNL_058.basePlot.ltr","D07","ORNL","ORNL_058","tower","2017-10-25T16:00Z","2017-11-06T17:00Z","NEON.LTR.ORNL058.20171106.LVS","NEON.LTR.ORNL058.20171106.LVS.LIG",NA,1,0.528,27.29,25.76,"0","0",NA,"University of Florida Wetland Biogeochemistry Laboratory","WBL-M-028","bKF36824dpcABkIQiw5BLQ==","5NMApxg5Cd0pWFY84VRdIg==",NA
"3d9708b5-01a0-4ba9-8c84-8a822a2f019a","2018-01-26","ORNL_036.basePlot.ltr","D07","ORNL","ORNL_036","tower","2017-10-25T16:00Z","2017-11-06T17:00Z","NEON.LTR.ORNL036.20171106.LVS","NEON.LTR.ORNL036.20171106.LVS.LIG",NA,1,0.594,29.24,25.6,"0","0",NA,"University of Florida Wetland Biogeochemistry Laboratory","WBL-M-028","bKF36824dpcABkIQiw5BLQ==","5NMApxg5Cd0pWFY84VRdIg==",NA
"67cad6da-b6e6-4ead-a3db-cbd51f20ca71","2018-01-29","ORNL_056.basePlot.ltr","D07","ORNL","ORNL_056","tower","2017-10-25T16:00Z","2017-11-06T17:00Z","NEON.LTR.ORNL056.20171106.LVS","NEON.LTR.ORNL056.20171106.LVS.LIG",NA,1,0.504,28.95,26.71,"0","0",NA,"University of Florida Wetland Biogeochemistry Laboratory","WBL-M-028","bKF36824dpcABkIQiw5BLQ==","5NMApxg5Cd0pWFY84VRdIg==",NA
"cd7a3f5b-daa0-4a4f-a1c6-08858ba4b19f","2018-01-29","ORNL_053.basePlot.ltr","D07","ORNL","ORNL_053","tower","2017-10-25T16:00Z","2017-11-06T17:00Z","NEON.LTR.ORNL053.20171106.LVS","NEON.LTR.ORNL053.20171106.LVS.LIG",NA,1,0.548,23.52,24.92,"0","0",NA,"University of Florida Wetland Biogeochemistry Laboratory","WBL-M-028","bKF36824dpcABkIQiw5BLQ==","5NMApxg5Cd0pWFY84VRdIg==",NA
"dbe20887-0e35-4c9c-b4cb-899e1fd3e11e","2018-01-09","TALL_055.basePlot.ltr","D08","TALL","TALL_055","tower","2017-10-16T17:00Z","2017-11-13T18:00Z","NEON.LTR.TALL055.20171113.LVS","NEON.LTR.TALL055.20171113.LVS.LIG",NA,1,0.504,26.77,23.24,"0","0",NA,"University of Florida Wetland Biogeochemistry Laboratory","WBL-M-028","bKF36824dpcABkIQiw5BLQ==","5NMApxg5Cd0pWFY84VRdIg==",NA
"d22ed303-a8df-4797-9720-6c0dd8f0fc47","2018-01-09","TALL_055.basePlot.ltr","D08","TALL","TALL_055","tower","2017-10-16T17:00Z","2017-11-13T18:00Z","NEON.LTR.TALL055.20171113.NDL","NEON.LTR.TALL055.20171113.NDL.LIG",NA,1,0.505,25.83,27.61,"0","0",NA,"University of Florida Wetland Biogeochemistry Laboratory","WBL-M-028","bKF36824dpcABkIQiw5BLQ==","5NMApxg5Cd0pWFY84VRdIg==",NA
"9d5470c6-1e51-43ee-97a7-3b9198dd8de7","2018-01-09","TALL_059.basePlot.ltr","D08","TALL","TALL_059","tower","2017-10-16T17:00Z","2017-11-13T18:00Z","NEON.LTR.TALL059.20171113.NDL","NEON.LTR.TALL059.20171113.NDL.LIG",NA,1,0.503,27.84,27.09,"0","0",NA,"University of Florida Wetland Biogeochemistry Laboratory","WBL-M-028","bKF36824dpcABkIQiw5BLQ==","5NMApxg5Cd0pWFY84VRdIg==",NA
"8f9e364b-4a54-48f6-b170-626e51f42d0c","2018-01-09","TALL_059.basePlot.ltr","D08","TALL","TALL_059","tower","2017-10-16T17:00Z","2017-11-13T18:00Z","NEON.LTR.TALL059.20171113.LVS","NEON.LTR.TALL059.20171113.LVS.LIG",NA,1,0.512,24.78,21.49,"0","0",NA,"University of Florida Wetland Biogeochemistry Laboratory","WBL-M-028","bKF36824dpcABkIQiw5BLQ==","5NMApxg5Cd0pWFY84VRdIg==",NA
"e098fbb3-5907-4768-9659-0afe00f134d8","2018-01-11","TALL_047.basePlot.ltr","D08","TALL","TALL_047","tower","2017-10-16T17:00Z","2017-11-13T18:00Z","NEON.LTR.TALL047.20171113.LVS","NEON.LTR.TALL047.20171113.LVS.LIG",NA,1,0.508,18.14,35.18,"0","0",NA,"University of Florida Wetland Biogeochemistry Laboratory","WBL-M-028","bKF36824dpcABkIQiw5BLQ==","5NMApxg5Cd0pWFY84VRdIg==",NA
"25df9d48-7325-40f8-866e-321304a1ef92","2018-01-11","TALL_047.basePlot.ltr","D08","TALL","TALL_047","tower","2017-10-16T17:00Z","2017-11-13T18:00Z","NEON.LTR.TALL047.20171113.NDL","NEON.LTR.TALL047.20171113.NDL.LIG",NA,1,0.559,26.53,27.09,"0","0",NA,"University of Florida Wetland Biogeochemistry Laboratory","WBL-M-028","bKF36824dpcABkIQiw5BLQ==","5NMApxg5Cd0pWFY84VRdIg==",NA
"a288f62e-64ac-44ca-bc17-4345ebf74837","2018-01-11","TALL_044.basePlot.ltr","D08","TALL","TALL_044","tower","2017-10-16T17:00Z","2017-11-13T18:00Z","NEON.LTR.TALL044.20171113.NDL","NEON.LTR.TALL044.20171113.NDL.LIG",NA,1,0.51,25.31,26.85,"0","0",NA,"University of Florida Wetland Biogeochemistry Laboratory","WBL-M-028","bKF36824dpcABkIQiw5BLQ==","5NMApxg5Cd0pWFY84VRdIg==",NA
"5c01728e-1beb-47e9-ac2e-eb635a8b5c6a","2018-01-11","TALL_044.basePlot.ltr","D08","TALL","TALL_044","tower","2017-10-16T17:00Z","2017-11-13T18:00Z","NEON.LTR.TALL044.20171113.LVS","NEON.LTR.TALL044.20171113.LVS.LIG",NA,1,0.477,24.79,23.08,"0","0",NA,"University of Florida Wetland Biogeochemistry Laboratory","WBL-M-028","bKF36824dpcABkIQiw5BLQ==","5NMApxg5Cd0pWFY84VRdIg==",NA
"cb9e295c-431f-4d96-bf1d-cc1a67474472","2018-01-11","TALL_046.basePlot.ltr","D08","TALL","TALL_046","tower","2017-10-16T17:00Z","2017-11-13T18:00Z","NEON.LTR.TALL046.20171113.LVS","NEON.LTR.TALL046.20171113.LVS.LIG",NA,1,0.52,29.64,28.69,"0","0",NA,"University of Florida Wetland Biogeochemistry Laboratory","WBL-M-028","bKF36824dpcABkIQiw5BLQ==","5NMApxg5Cd0pWFY84VRdIg==",NA
"ef49f498-0c5b-4d3f-8060-7ec562bd2031","2018-01-11","TALL_046.basePlot.ltr","D08","TALL","TALL_046","tower","2017-10-16T17:00Z","2017-11-13T18:00Z","NEON.LTR.TALL046.20171113.NDL","NEON.LTR.TALL046.20171113.NDL.LIG",NA,1,0.512,30.39,29.17,"0","0",NA,"University of Florida Wetland Biogeochemistry Laboratory","WBL-M-028","bKF36824dpcABkIQiw5BLQ==","5NMApxg5Cd0pWFY84VRdIg==",NA
"9b4af3c9-6d90-4258-b025-70df43b79fdd","2018-01-09","TALL_052.basePlot.ltr","D08","TALL","TALL_052","tower","2017-10-16T17:00Z","2017-11-13T18:00Z","NEON.LTR.TALL052.20171113.NDL","NEON.LTR.TALL052.20171113.NDL.LIG",NA,1,0.48,28.04,28.47,"0","0",NA,"University of Florida Wetland Biogeochemistry Laboratory","WBL-M-028","bKF36824dpcABkIQiw5BLQ==","5NMApxg5Cd0pWFY84VRdIg==",NA
"f064af88-78bf-4d62-9fb3-def82b854e0b","2018-01-11","TALL_048.basePlot.ltr","D08","TALL","TALL_048","tower","2017-10-16T17:00Z","2017-11-13T18:00Z","NEON.LTR.TALL048.20171113.NDL","NEON.LTR.TALL048.20171113.NDL.LIG",NA,1,0.532,28.5,31,"0","0",NA,"University of Florida Wetland Biogeochemistry Laboratory","WBL-M-028","bKF36824dpcABkIQiw5BLQ==","5NMApxg5Cd0pWFY84VRdIg==",NA
"4463be29-946b-438b-baad-92c29a754fec","2018-01-09","TALL_056.basePlot.ltr","D08","TALL","TALL_056","tower","2017-10-16T17:00Z","2017-11-13T18:00Z","NEON.LTR.TALL056.20171113.NDL","NEON.LTR.TALL056.20171113.NDL.LIG",NA,1,0.518,30.01,27.99,"0","0",NA,"University of Florida Wetland Biogeochemistry Laboratory","WBL-M-028","bKF36824dpcABkIQiw5BLQ==","5NMApxg5Cd0pWFY84VRdIg==",NA
"f4845188-dbda-4e49-95ea-5f32aacb3c4c","2018-01-11","TALL_042.basePlot.ltr","D08","TALL","TALL_042","tower","2017-10-16T17:00Z","2017-11-13T18:00Z","NEON.LTR.TALL042.20171113.NDL","NEON.LTR.TALL042.20171113.NDL.LIG",NA,1,0.509,24.09,28.33,"0","0",NA,"University of Florida Wetland Biogeochemistry Laboratory","WBL-M-028","bKF36824dpcABkIQiw5BLQ==","5NMApxg5Cd0pWFY84VRdIg==",NA
"6874fbf4-6ef0-42b5-8926-9a2d00b62731","2018-01-11","TALL_042.basePlot.ltr","D08","TALL","TALL_042","tower","2017-10-16T17:00Z","2017-11-13T18:00Z","NEON.LTR.TALL042.20171113.LVS","NEON.LTR.TALL042.20171113.LVS.LIG",NA,1,0.543,29.42,20.9,"0","0",NA,"University of Florida Wetland Biogeochemistry Laboratory","WBL-M-028","bKF36824dpcABkIQiw5BLQ==","5NMApxg5Cd0pWFY84VRdIg==",NA
"fa25de38-8729-4ace-89d7-2e4c990525d7","2018-01-11","TALL_043.basePlot.ltr","D08","TALL","TALL_043","tower","2017-10-16T17:00Z","2017-11-13T18:00Z","NEON.LTR.TALL043.20171113.NDL","NEON.LTR.TALL043.20171113.NDL.LIG",NA,1,0.499,27.65,29.28,"0","0",NA,"University of Florida Wetland Biogeochemistry Laboratory","WBL-M-028","bKF36824dpcABkIQiw5BLQ==","5NMApxg5Cd0pWFY84VRdIg==",NA
"588b7570-1a68-451f-8406-a9aa432a9664","2018-01-11","TALL_043.basePlot.ltr","D08","TALL","TALL_043","tower","2017-10-16T17:00Z","2017-11-13T18:00Z","NEON.LTR.TALL043.20171113.LVS","NEON.LTR.TALL043.20171113.LVS.LIG",NA,1,0.526,31.48,23.57,"0","0",NA,"University of Florida Wetland Biogeochemistry Laboratory","WBL-M-028","bKF36824dpcABkIQiw5BLQ==","5NMApxg5Cd0pWFY84VRdIg==",NA
"a0e468ea-f4aa-4a8a-9d65-fe4b1b1b135c","2018-01-09","TALL_051.basePlot.ltr","D08","TALL","TALL_051","tower","2017-10-16T17:00Z","2017-11-13T18:00Z","NEON.LTR.TALL051.20171113.LVS","NEON.LTR.TALL051.20171113.LVS.LIG",NA,1,0.506,32.83,23.87,"0","0",NA,"University of Florida Wetland Biogeochemistry Laboratory","WBL-M-028","bKF36824dpcABkIQiw5BLQ==","5NMApxg5Cd0pWFY84VRdIg==",NA
"f253c9dd-7787-467b-ba78-20f5df28568e","2018-01-09","TALL_051.basePlot.ltr","D08","TALL","TALL_051","tower","2017-10-16T17:00Z","2017-11-13T18:00Z","NEON.LTR.TALL051.20171113.NDL","NEON.LTR.TALL051.20171113.NDL.LIG",NA,1,0.487,24.8,27.78,"0","0",NA,"University of Florida Wetland Biogeochemistry Laboratory","WBL-M-028","bKF36824dpcABkIQiw5BLQ==","5NMApxg5Cd0pWFY84VRdIg==",NA
"f94dcb24-8db9-41d5-8757-eae04b5d82f1","2018-01-09","TALL_057.basePlot.ltr","D08","TALL","TALL_057","tower","2017-10-16T17:00Z","2017-11-13T18:00Z","NEON.LTR.TALL057.20171113.NDL","NEON.LTR.TALL057.20171113.NDL.LIG",NA,2,0.515,27.83,31.41,"0","0",NA,"University of Florida Wetland Biogeochemistry Laboratory","WBL-M-028","bKF36824dpcABkIQiw5BLQ==","5NMApxg5Cd0pWFY84VRdIg==",NA
"1f1867d9-b08b-48b0-a7f7-38e73ee739c2","2018-01-09","TALL_057.basePlot.ltr","D08","TALL","TALL_057","tower","2017-10-16T17:00Z","2017-11-13T18:00Z","NEON.LTR.TALL057.20171113.LVS","NEON.LTR.TALL057.20171113.LVS.LIG",NA,1,0.477,28.51,22.98,"0","0",NA,"University of Florida Wetland Biogeochemistry Laboratory","WBL-M-028","bKF36824dpcABkIQiw5BLQ==","5NMApxg5Cd0pWFY84VRdIg==",NA
"2bcc34d2-cb22-44ad-8821-bbb66fd81191","2018-01-09","TALL_057.basePlot.ltr","D08","TALL","TALL_057","tower","2017-10-16T17:00Z","2017-11-13T18:00Z","NEON.LTR.TALL057.20171113.NDL","NEON.LTR.TALL057.20171113.NDL.LIG",NA,1,0.515,27.29,31.45,"0","0",NA,"University of Florida Wetland Biogeochemistry Laboratory","WBL-M-028","bKF36824dpcABkIQiw5BLQ==","5NMApxg5Cd0pWFY84VRdIg==",NA
"8c417d76-a379-49fc-b1ba-54b284c50df3","2018-01-09","TALL_053.basePlot.ltr","D08","TALL","TALL_053","tower","2017-10-16T17:00Z","2017-11-13T18:00Z","NEON.LTR.TALL053.20171113.LVS","NEON.LTR.TALL053.20171113.LVS.LIG",NA,1,0.485,30.97,23.87,"0","0",NA,"University of Florida Wetland Biogeochemistry Laboratory","WBL-M-028","bKF36824dpcABkIQiw5BLQ==","5NMApxg5Cd0pWFY84VRdIg==",NA
"22981a0e-a602-4a1f-9392-e147ddeda5f0","2018-01-09","TALL_053.basePlot.ltr","D08","TALL","TALL_053","tower","2017-10-16T17:00Z","2017-11-13T18:00Z","NEON.LTR.TALL053.20171113.NDL","NEON.LTR.TALL053.20171113.NDL.LIG",NA,1,0.596,24.72,28.56,"0","0",NA,"University of Florida Wetland Biogeochemistry Laboratory","WBL-M-028","bKF36824dpcABkIQiw5BLQ==","5NMApxg5Cd0pWFY84VRdIg==",NA
"2637e8ba-7451-49a2-a88d-1eb023f32121","2018-01-11","TALL_050.basePlot.ltr","D08","TALL","TALL_050","tower","2017-10-16T17:00Z","2017-11-13T18:00Z","NEON.LTR.TALL050.20171113.NDL","NEON.LTR.TALL050.20171113.NDL.LIG",NA,1,0.553,26.2,31.82,"0","0",NA,"University of Florida Wetland Biogeochemistry Laboratory","WBL-M-028","bKF36824dpcABkIQiw5BLQ==","5NMApxg5Cd0pWFY84VRdIg==",NA
"e4de898e-26fd-4cd6-afd5-8263448ca631","2018-01-11","TALL_050.basePlot.ltr","D08","TALL","TALL_050","tower","2017-10-16T17:00Z","2017-11-13T18:00Z","NEON.LTR.TALL050.20171113.LVS","NEON.LTR.TALL050.20171113.LVS.LIG",NA,1,0.521,32.48,21.81,"0","0",NA,"University of Florida Wetland Biogeochemistry Laboratory","WBL-M-028","bKF36824dpcABkIQiw5BLQ==","5NMApxg5Cd0pWFY84VRdIg==",NA
"279d9def-def8-407d-a39f-09bc7a4f72a5","2018-01-09","TALL_054.basePlot.ltr","D08","TALL","TALL_054","tower","2017-10-16T17:00Z","2017-11-13T18:00Z","NEON.LTR.TALL054.20171113.NDL","NEON.LTR.TALL054.20171113.NDL.LIG",NA,1,0.55,21.85,31.02,"0","0",NA,"University of Florida Wetland Biogeochemistry Laboratory","WBL-M-028","bKF36824dpcABkIQiw5BLQ==","5NMApxg5Cd0pWFY84VRdIg==",NA
"802606b2-faf1-4134-be00-28665bb8144f","2018-01-09","TALL_054.basePlot.ltr","D08","TALL","TALL_054","tower","2017-10-16T17:00Z","2017-11-13T18:00Z","NEON.LTR.TALL054.20171113.LVS","NEON.LTR.TALL054.20171113.LVS.LIG",NA,1,0.47,20.7,24.42,"0","0",NA,"University of Florida Wetland Biogeochemistry Laboratory","WBL-M-028","bKF36824dpcABkIQiw5BLQ==","5NMApxg5Cd0pWFY84VRdIg==",NA
"eda29cde-63fe-4ade-8860-d2f4179b05fd","2018-01-11","TALL_049.basePlot.ltr","D08","TALL","TALL_049","tower","2017-10-16T17:00Z","2017-11-13T18:00Z","NEON.LTR.TALL049.20171113.NDL","NEON.LTR.TALL049.20171113.NDL.LIG",NA,2,0.547,26.06,30.41,"0","0",NA,"University of Florida Wetland Biogeochemistry Laboratory","WBL-M-028","bKF36824dpcABkIQiw5BLQ==","5NMApxg5Cd0pWFY84VRdIg==",NA
"e3369d54-1095-40c4-a6de-39a4c3d6e84f","2018-01-11","TALL_049.basePlot.ltr","D08","TALL","TALL_049","tower","2017-10-16T17:00Z","2017-11-13T18:00Z","NEON.LTR.TALL049.20171113.LVS","NEON.LTR.TALL049.20171113.LVS.LIG",NA,1,0.482,24.32,22.11,"0","0",NA,"University of Florida Wetland Biogeochemistry Laboratory","WBL-M-028","bKF36824dpcABkIQiw5BLQ==","5NMApxg5Cd0pWFY84VRdIg==",NA
"0191514c-a9ab-4f68-97ff-53fbd90abaf6","2018-01-11","TALL_049.basePlot.ltr","D08","TALL","TALL_049","tower","2017-10-16T17:00Z","2017-11-13T18:00Z","NEON.LTR.TALL049.20171113.NDL","NEON.LTR.TALL049.20171113.NDL.LIG",NA,1,0.52,26.27,30.43,"0","0",NA,"University of Florida Wetland Biogeochemistry Laboratory","WBL-M-028","bKF36824dpcABkIQiw5BLQ==","5NMApxg5Cd0pWFY84VRdIg==",NA
"bf311430-6581-4f4a-ba08-407acde5332c","2018-01-11","TALL_045.basePlot.ltr","D08","TALL","TALL_045","tower","2017-10-16T17:00Z","2017-11-13T18:00Z","NEON.LTR.TALL045.20171113.NDL","NEON.LTR.TALL045.20171113.NDL.LIG",NA,1,0.523,31.01,30.15,"0","0",NA,"University of Florida Wetland Biogeochemistry Laboratory","WBL-M-028","bKF36824dpcABkIQiw5BLQ==","5NMApxg5Cd0pWFY84VRdIg==",NA
"1fedc6e0-a9ee-4d61-93f8-e92317e17622","2018-01-11","TALL_045.basePlot.ltr","D08","TALL","TALL_045","tower","2017-10-16T17:00Z","2017-11-13T18:00Z","NEON.LTR.TALL045.20171113.LVS","NEON.LTR.TALL045.20171113.LVS.LIG",NA,1,0.522,28.89,25.71,"0","0",NA,"University of Florida Wetland Biogeochemistry Laboratory","WBL-M-028","bKF36824dpcABkIQiw5BLQ==","5NMApxg5Cd0pWFY84VRdIg==",NA
"2ea9dacd-4a95-49d5-abfd-7678f7b83446","2018-01-09","TALL_058.basePlot.ltr","D08","TALL","TALL_058","tower","2017-10-16T17:00Z","2017-11-13T18:00Z","NEON.LTR.TALL058.20171113.NDL","NEON.LTR.TALL058.20171113.NDL.LIG",NA,1,0.482,28.63,27.93,"0","0",NA,"University of Florida Wetland Biogeochemistry Laboratory","WBL-M-028","bKF36824dpcABkIQiw5BLQ==","5NMApxg5Cd0pWFY84VRdIg==",NA
"325dee52-452a-4f43-b0f3-be2ba3be158a","2018-01-09","TALL_058.basePlot.ltr","D08","TALL","TALL_058","tower","2017-10-16T17:00Z","2017-11-13T18:00Z","NEON.LTR.TALL058.20171113.LVS","NEON.LTR.TALL058.20171113.LVS.LIG",NA,1,0.494,20.62,23.44,"0","0",NA,"University of Florida Wetland Biogeochemistry Laboratory","WBL-M-028","bKF36824dpcABkIQiw5BLQ==","5NMApxg5Cd0pWFY84VRdIg==",NA
"ae8a7c29-f922-4bd4-aa25-3ca328746c29","2018-01-09","TALL_060.basePlot.ltr","D08","TALL","TALL_060","tower","2017-10-16T17:00Z","2017-11-13T18:00Z","NEON.LTR.TALL060.20171113.NDL","NEON.LTR.TALL060.20171113.NDL.LIG",NA,1,0.534,28.8,24.91,"0","0",NA,"University of Florida Wetland Biogeochemistry Laboratory","WBL-M-028","bKF36824dpcABkIQiw5BLQ==","5NMApxg5Cd0pWFY84VRdIg==",NA
"141c7667-4a9a-4c0d-8591-e7864eda0707","2018-01-09","TALL_060.basePlot.ltr","D08","TALL","TALL_060","tower","2017-10-16T17:00Z","2017-11-13T18:00Z","NEON.LTR.TALL060.20171113.LVS","NEON.LTR.TALL060.20171113.LVS.LIG",NA,1,0.508,28.23,25.62,"0","0",NA,"University of Florida Wetland Biogeochemistry Laboratory","WBL-M-028","bKF36824dpcABkIQiw5BLQ==","5NMApxg5Cd0pWFY84VRdIg==",NA
"5a74e1ee-ffaa-4bdc-94df-b98e2d8388a5","2018-01-09","TALL_061.basePlot.ltr","D08","TALL","TALL_061","tower","2017-10-16T17:00Z","2017-11-13T18:00Z","NEON.LTR.TALL061.20171113.LVS","NEON.LTR.TALL061.20171113.LVS.LIG",NA,1,0.514,35.12,22.64,"0","0",NA,"University of Florida Wetland Biogeochemistry Laboratory","WBL-M-028","bKF36824dpcABkIQiw5BLQ==","5NMApxg5Cd0pWFY84VRdIg==",NA
"8a52a011-4055-4043-a981-e5a708210100","2018-01-09","TALL_061.basePlot.ltr","D08","TALL","TALL_061","tower","2017-10-16T17:00Z","2017-11-13T18:00Z","NEON.LTR.TALL061.20171113.NDL","NEON.LTR.TALL061.20171113.NDL.LIG",NA,1,0.487,25.37,30.76,"0","0",NA,"University of Florida Wetland Biogeochemistry Laboratory","WBL-M-028","bKF36824dpcABkIQiw5BLQ==","5NMApxg5Cd0pWFY84VRdIg==",NA
"2fdc6a54-0d48-4d65-ac89-f1317569b500","2018-10-31","DEJU_053.basePlot.ltr","D19","DEJU","DEJU_053","tower","2018-08-27T20:00Z","2018-09-24T20:00Z","NEON.LTR.DEJU053.20180924.NDL","NEON.LTR.DEJU053.20180924.NDL.LIG","A00000065373",1,0.484,16.33,18.84,"0","0",NA,"University of Florida Wetland Biogeochemistry Laboratory","WBL-M-028","8kr+qfmeu1FQ7vvHWE7F/A==","5NMApxg5Cd0pWFY84VRdIg==",NA
"2929e94a-25f5-42fc-84f3-490c4a53743b","2018-10-31","DEJU_062.basePlot.ltr","D19","DEJU","DEJU_062","tower","2018-08-27T20:00Z","2018-09-24T20:00Z","NEON.LTR.DEJU062.20180924.NDL","NEON.LTR.DEJU062.20180924.NDL.LIG","A00000065368",1,0.501,14.5,18.81,"0","0",NA,"University of Florida Wetland Biogeochemistry Laboratory","WBL-M-028","8kr+qfmeu1FQ7vvHWE7F/A==","5NMApxg5Cd0pWFY84VRdIg==",NA
"cf8d5a1a-cb9f-4a5e-819e-612d3f6167d3","2018-10-31","DEJU_048.basePlot.ltr","D19","DEJU","DEJU_048","tower","2018-08-27T20:00Z","2018-09-24T20:00Z","NEON.LTR.DEJU048.20180924.NDL","NEON.LTR.DEJU048.20180924.NDL.LIG","A00000065367",1,0.487,16.96,18.81,"0","0",NA,"University of Florida Wetland Biogeochemistry Laboratory","WBL-M-028","8kr+qfmeu1FQ7vvHWE7F/A==","5NMApxg5Cd0pWFY84VRdIg==",NA
"872962a8-efe3-4ce0-b8ff-070688faa47f","2018-10-31","DEJU_058.basePlot.ltr","D19","DEJU","DEJU_058","tower","2018-08-27T20:00Z","2018-09-24T20:00Z","NEON.LTR.DEJU058.20180924.NDL","NEON.LTR.DEJU058.20180924.NDL.LIG","A00000065350",2,0.472,13.69,17.87,"0","0",NA,"University of Florida Wetland Biogeochemistry Laboratory","WBL-M-028","8kr+qfmeu1FQ7vvHWE7F/A==","5NMApxg5Cd0pWFY84VRdIg==",NA
"d62ecd16-c26e-4422-b1a4-606b264430e7","2018-10-31","DEJU_058.basePlot.ltr","D19","DEJU","DEJU_058","tower","2018-08-27T20:00Z","2018-09-24T20:00Z","NEON.LTR.DEJU058.20180924.NDL","NEON.LTR.DEJU058.20180924.NDL.LIG","A00000065350",1,0.499,14.46,17.89,"0","0",NA,"University of Florida Wetland Biogeochemistry Laboratory","WBL-M-028","8kr+qfmeu1FQ7vvHWE7F/A==","5NMApxg5Cd0pWFY84VRdIg==",NA
"00cbe7a5-8b08-4d51-81e9-803e0745f8af","2018-10-31","DEJU_063.basePlot.ltr","D19","DEJU","DEJU_063","tower","2018-08-27T20:00Z","2018-09-24T20:00Z","NEON.LTR.DEJU063.20180924.NDL","NEON.LTR.DEJU063.20180924.NDL.LIG","A00000065361",1,0.488,14.09,18.56,"0","0",NA,"University of Florida Wetland Biogeochemistry Laboratory","WBL-M-028","8kr+qfmeu1FQ7vvHWE7F/A==","5NMApxg5Cd0pWFY84VRdIg==",NA
"9751cc79-5b13-4620-abdc-c6f3e7359fc0","2018-10-31","DEJU_060.basePlot.ltr","D19","DEJU","DEJU_060","tower","2018-08-27T20:00Z","2018-09-24T20:00Z","NEON.LTR.DEJU060.20180924.NDL","NEON.LTR.DEJU060.20180924.NDL.LIG","A00000065356",1,0.474,16.36,18.78,"0","0",NA,"University of Florida Wetland Biogeochemistry Laboratory","WBL-M-028","8kr+qfmeu1FQ7vvHWE7F/A==","5NMApxg5Cd0pWFY84VRdIg==",NA
"611525d2-a06d-4e57-b272-8be6ecbd2ef0","2018-10-31","DEJU_051.basePlot.ltr","D19","DEJU","DEJU_051","tower","2018-08-27T20:00Z","2018-09-24T20:00Z","NEON.LTR.DEJU051.20180924.NDL","NEON.LTR.DEJU051.20180924.NDL.LIG","A00000065363",1,0.475,14.06,19.21,"0","0",NA,"University of Florida Wetland Biogeochemistry Laboratory","WBL-M-028","8kr+qfmeu1FQ7vvHWE7F/A==","5NMApxg5Cd0pWFY84VRdIg==",NA
"862f5b61-de55-4463-b74c-63028d92faca","2018-10-31","DEJU_059.basePlot.ltr","D19","DEJU","DEJU_059","tower","2018-08-27T20:00Z","2018-09-24T20:00Z","NEON.LTR.DEJU059.20180924.NDL","NEON.LTR.DEJU059.20180924.NDL.LIG","A00000065353",1,0.491,18.26,19.74,"0","0",NA,"University of Florida Wetland Biogeochemistry Laboratory","WBL-M-028","8kr+qfmeu1FQ7vvHWE7F/A==","5NMApxg5Cd0pWFY84VRdIg==",NA
"12d10d05-a94b-49dc-81b2-0bdb7845a54a","2018-10-31","DEJU_061.basePlot.ltr","D19","DEJU","DEJU_061","tower","2018-08-27T20:00Z","2018-09-25T20:00Z","NEON.LTR.DEJU061.20180925.NDL","NEON.LTR.DEJU061.20180925.NDL.LIG","A00000065370",1,0.475,14.64,17.53,"0","0",NA,"University of Florida Wetland Biogeochemistry Laboratory","WBL-M-028","8kr+qfmeu1FQ7vvHWE7F/A==","5NMApxg5Cd0pWFY84VRdIg==",NA
