"uid","siteID","extractionStartDate","extractionEndDate","kclReferenceID","kclBlank1ID","kclBlank1Code","kclBlank2ID","kclBlank2Code","kclBlank3ID","kclBlank3Code","remarks","dataQF"
"2bc25c0e-77d8-4fdf-9655-bd78c5e04b2b","HARV","2018-04-18","2018-04-18","HARV-20180418-BREF1","HARV-20180418-BREF1-A","B00000006251","HARV-20180418-BREF1-B","B00000006261","HARV-20180418-BREF1-C","B00000006262",NA,NA
"30f7343c-fa16-49f2-8f40-3d0d783a7587","HARV","2018-04-19","2018-04-19","HARV-20180419-BREF1","HARV-20180419-BREF1-A","B00000006250","HARV-20180419-BREF1-B","B00000006258","HARV-20180419-BREF1-C","B00000006266",NA,NA
"68fafa73-3ff3-46f4-9a74-f06f4ddbd356","HARV","2018-04-20","2018-04-20","HARV-20180420-BREF1","HARV-20180420-BREF1-A","B00000006248","HARV-20180420-BREF1-B","B00000006257","HARV-20180420-BREF1-C","B00000006267",NA,NA
"4b301bdc-c0fa-4a82-b358-32789b0a0bc0","HARV","2018-05-08","2018-05-08","HARV-20180508-BREF1","HARV-20180508-BREF1-A","B00000006238","HARV-20180508-BREF1-B","B00000006239","HARV-20180508-BREF1-C","B00000006240",NA,NA
"a8e0f4d7-38c5-4f01-9e9a-72a8ba4897fe","HARV","2018-05-10","2018-05-10","HARV-20180510-BREF1","HARV-20180510-BREF1-A","B00000006247","HARV-20180510-BREF1-B","B00000006256","HARV-20180510-BREF1-C","B00000006264",NA,NA
"bbb7b5cf-cd5f-48c7-b6ba-3086868ce157","HARV","2018-07-10","2018-07-10","HARV-20180710-BREF1","HARV-20180710-BREF1-A","B00000006246","HARV-20180710-BREF1-B","B00000006255","HARV-20180710-BREF1-C","B00000006265",NA,NA
"ab82e397-cd5c-4ac7-830c-5ded7c5ce8fe","HARV","2018-07-11","2018-07-11","HARV-20180711-BREF1","HARV-20180711-BREF1-A","B00000006245","HARV-20180711-BREF1-B","B00000006253","HARV-20180711-BREF1-C","B00000006263",NA,NA
"0f43c0ca-a2aa-4357-83ad-db75b062e2a0","HARV","2018-07-12","2018-07-12","HARV-20180712-BREF1","HARV-20180712-BREF1-A","B00000006249","HARV-20180712-BREF1-B","B00000006254","HARV-20180712-BREF1-C","B00000006260",NA,NA
"b886a615-751d-4805-adf2-39df875df7f6","HARV","2018-07-13","2018-07-13","HARV-20180713-BREF1","HARV-20180713-BREF1-A","B00000006244","HARV-20180713-BREF1-B","B00000006252","HARV-20180713-BREF1-C","B00000006259",NA,NA
"457017b9-af26-4486-80a0-74e0c3de0bf5","HARV","2018-07-31","2018-07-31","HARV-20180731-BREF1","HARV-20180731-BREF1-A","B00000006242","HARV-20180731-BREF1-B","B00000006243","HARV-20180731-BREF1-C","B00000006241",NA,NA
"8d6c795d-e69a-4fbd-9e20-089b6c2d3f38","HARV","2018-08-01","2018-08-01","HARV-20180801-BREF1","HARV-20180801-BREF1-A","D00000008338","HARV-20180801-BREF1-B","D00000008333","HARV-20180801-BREF1-C","D00000008335",NA,NA
"5f0aaaa3-90bf-47a3-b1a2-6a76761da03e","HARV","2018-08-02","2018-08-02","HARV-20180802-BREF1","HARV-20180802-BREF1-A","D00000008337","HARV-20180802-BREF1-B","D00000008334","HARV-20180802-BREF1-C","D00000008336",NA,NA
"dc9cdb51-52ac-468d-8767-5016db23520a","HARV","2018-10-09","2018-10-09","HARV-20181009-BREF1","HARV-20181009-BREF1-A","B00000030913","HARV-20181009-BREF1-B","B00000030918","HARV-20181009-BREF1-C","B00000030917","",NA
"2966a4d4-6463-4b5c-8b41-a6bfefd51a32","HARV","2018-10-10","2018-10-10","HARV-20181010-BREF1","HARV-20181010-BREF1-A","B00000030916","HARV-20181010-BREF1-B","B00000030915","HARV-20181010-BREF1-C","B00000030914","Blank1 lost 10ml during shaking",NA
"de992bc4-bd1d-4fdd-bf52-0c09a6393a19","HARV","2018-10-11","2018-10-11","HARV-20181011-BREF1","HARV-20181011-BREF1-A","B00000030911","HARV-20181011-BREF1-B","B00000030910","HARV-20181011-BREF1-C","B00000030912","",NA
"b90b9b59-a2cf-417e-aa1c-b2c2e8455ec2","HARV","2018-10-30","2018-10-30","HARV-20181030-BREF1","HARV-20181030-BREF1-A","B00000030922","HARV-20181030-BREF1-B","B00000030924","HARV-20181030-BREF1-C","B00000030907","",NA
"5d584d2b-4f8b-4848-a10d-fcb0edd3bc46","HARV","2018-10-31","2018-10-31","HARV-20181031-BREF1","HARV-20181031-BREF1-A","B00000030921","HARV-20181031-BREF1-B","B00000030920","HARV-20181031-BREF1-C","B00000030923","",NA
"878a27a6-0ad4-4ebd-88d0-49e3d444c568","SCBI","2017-03-28","2017-03-28","SCBI-20170328-BREF1","SCBI-20170328-BREF1-A",NA,"SCBI-20170328-BREF1-B",NA,"SCBI-20170328-BREF1-C",NA,NA,NA
"57e4b4f9-1475-49a4-8459-2d9e7a6f8b8c","SCBI","2017-03-30","2017-03-30","SCBI-20170330-BREF1","SCBI-20170330-BREF1-A",NA,"SCBI-20170330-BREF1-B",NA,"SCBI-20170330-BREF1-C",NA,NA,NA
"a04ccfd4-2a7b-4782-8431-04895d26f88e","SCBI","2017-04-04","2017-04-04","SCBI-20170404-BREF1","SCBI-20170404-BREF1-A",NA,"SCBI-20170404-BREF1-B",NA,"SCBI-20170404-BREF1-C",NA,NA,NA
"232c5676-c650-4e78-9b04-b452adac3fdf","SCBI","2017-04-25","2017-04-25","SCBI-20170425-BREF1","SCBI-20170425-BREF1-A",NA,"SCBI-20170425-BREF1-B",NA,"SCBI-20170425-BREF1-C",NA,NA,NA
"53b780a0-f46e-4625-a23e-fdb814645291","SCBI","2017-07-18","2017-07-18","SCBI-20170718-BREF1","SCBI-20170718-BREF1-A",NA,"SCBI-20170718-BREF1-B",NA,"SCBI-20170718-BREF1-C",NA,NA,NA
"d56094af-63a0-4c66-8dc6-5daf81533cd6","SCBI","2017-07-20","2017-07-20","SCBI-20170720-BREF1","SCBI-20170720-BREF1-A",NA,"SCBI-20170720-BREF1-B",NA,"SCBI-20170720-BREF1-C",NA,NA,NA
"d6544515-00f6-4eeb-826c-833f13769c74","SCBI","2017-08-09","2017-08-09","SCBI-20170809-BREF1","SCBI-20170809-BREF1-A",NA,"SCBI-20170809-BREF1-B",NA,"SCBI-20170809-BREF1-C",NA,NA,NA
"af5210dd-4cf5-4259-ae45-4ca127ad6223","SCBI","2017-10-24","2017-10-24","SCBI-20171024-BREF1","SCBI-20171024-BREF1-A",NA,"SCBI-20171024-BREF1-B",NA,"SCBI-20171024-BREF1-C",NA,"No barcodes for the KCl Blank samples",NA
"4ce65823-afc0-40ca-8f6f-96dc2ec59667","SCBI","2017-10-25","2017-10-25","SCBI-20171025-BREF1","SCBI-20171025-BREF1-A",NA,"SCBI-20171025-BREF1-B",NA,"SCBI-20171025-BREF1-C",NA,"Barcodes not available for blanks",NA
"173aa6d0-d2fc-4a00-b5c7-47566aa2bc0d","SCBI","2017-10-26","2017-10-26","SCBI-20171026-BREF1","SCBI-20171026-BREF1-A",NA,"SCBI-20171026-BREF1-B",NA,"SCBI-20171026-BREF1-C",NA,"No barcodes for these samples",NA
"d2936a9d-bc2b-4564-92fd-939f07356287","SCBI","2017-11-15","2017-11-15","SCBI-20171115-BREF1","SCBI-20171115-BREF1-A",NA,"SCBI-20171115-BREF1-B",NA,"SCBI-20171115-BREF1-C",NA,NA,NA
"65af9719-cb24-4a85-9d59-1083de209427","SCBI","2017-11-16","2017-11-16","SCBI-20171116-BREF1","SCBI-20171116-BREF1-A",NA,"SCBI-20171116-BREF1-B",NA,"SCBI-20171116-BREF1-C",NA,NA,NA
"4e4224fb-efa2-4025-817a-c352d101cbce","DSNY","2018-03-07","2018-03-07","DSNY-20180307-BREF1","DSNY-20180307-BREF1-A",NA,"DSNY-20180307-BREF1-B",NA,"DSNY-20180307-BREF1-C",NA,NA,NA
"039cd3b0-58c1-4b1e-85ac-acdca29ec9fd","DSNY","2018-03-08","2018-03-08","DSNY-20180308-BREF1","DSNY-20180308-BREF1-A",NA,"DSNY-20180308-BREF1-B",NA,"DSNY-20180308-BREF1-C",NA,NA,NA
"ddd8de8d-3e7b-4eda-a65f-fbf84d426023","DSNY","2018-03-28","2018-03-28","DSNY-20180328-BREF1","DSNY-20180328-BREF1-A",NA,"DSNY-20180328-BREF1-B",NA,"DSNY-20180328-BREF1-C",NA,NA,NA
"da6dff79-7f98-4297-8728-c21179693eae","DSNY","2018-08-21","2018-08-21","DSNY-20180821-BREF1","DSNY-20180821-BREF1-A","B00000023124","DSNY-20180821-BREF1-B","B00000023123","DSNY-20180821-BREF1-C","B00000023122",NA,NA
"e390214c-5b44-4c55-b0d6-cf45fd0546f7","DSNY","2018-08-23","2018-08-23","DSNY-20180823-BREF1","DSNY-20180823-BREF1-A","B00000023197","DSNY-20180823-BREF1-B","B00000023098","DSNY-20180823-BREF1-C","B00000023181",NA,NA
"23c5bab5-a34b-432a-b674-7ba0dfc19a7b","DSNY","2018-09-05","2018-09-05","DSNY-20180905-BREF1","DSNY-20180905-BREF1-A","B00000023237","DSNY-20180905-BREF1-B","B00000023238","DSNY-20180905-BREF1-C","B00000023236",NA,NA
"fe93a6a9-b3d1-40ba-b633-f88598a3df35","DSNY","2018-10-23","2018-10-23","DSNY-20181023-BREF2","DSNY-20181023-BREF2-A","B00000023545","DSNY-20181023-BREF2-B","B00000023546","DSNY-20181023-BREF2-C","B00000023520",NA,NA
"5cae5895-658b-427f-af26-61c53d05a409","DSNY","2018-10-24","2018-10-24","DSNY-20181024-BREF2","DSNY-20181024-BREF2-A","B00000023494","DSNY-20181024-BREF2-B","B00000023495","DSNY-20181024-BREF2-C","B00000023496",NA,NA
"7a2fcd11-709d-4d53-a819-ab0724a9d24b","DSNY","2018-11-08","2018-11-08","DSNY-20181108-BREF2","DSNY-20181108-BREF2-A","B00000023500","DSNY-20181108-BREF2-B","B00000023499","DSNY-20181108-BREF2-C","B00000023498",NA,NA
"af1df08e-9852-4090-b895-0ae4e40af92f","JERC","2019-03-19","2019-03-19","JERC-20190319-BREF1","JERC-20190319-BREF1-A","B00000024192","JERC-20190319-BREF1-B","B00000024191","JERC-20190319-BREF1-C","B00000024190","Blank A ran as first sample B in middle C as last sample for QC purposes after analysis is run",NA
"5bc9a09f-1fe9-43eb-9c8b-56b87e602053","JERC","2019-04-02","2019-04-02","JERC-20190402-BREF1","JERC-20190402-BREF1-A","B00000024472","JERC-20190402-BREF1-B","B00000024473","JERC-20190402-BREF1-C","B00000024474","In processing ran Blank A first Blank B in the middle C at the end",NA
"04806fff-4144-4be0-835c-5d3a72671ee0","JERC","2019-07-30","2019-07-30","JERC-20190730-BREF1","JERC-20190730-BREF1-A","B00000063140","JERC-20190730-BREF1-B","B00000063141","JERC-20190730-BREF1-C","B00000063139",NA,NA
"930ad283-6fde-4f6f-8cba-808393bf8d64","JERC","2019-07-31","2019-07-31","JERC-20190731-BREF1","JERC-20190731-BREF1-A","B00000063093","JERC-20190731-BREF1-B","B00000063094","JERC-20190731-BREF1-C","B00000063092",NA,NA
"77ad4341-afc1-4672-aa5c-cb50ada7b3fe","JERC","2019-08-13","2019-08-13","JERC-20190813-BREF1","JERC-20190813-BREF1-A","B00000063076","JERC-20190813-BREF1-B","B00000063077","JERC-20190813-BREF1-C","B00000063078","Blanks A B and C ran at the beginning middle and end respectively",NA
"06527c43-222d-476f-bef1-d27f3fd2ce58","GUAN","2018-07-03","2018-07-03","GUAN-20180703-BREF1","GUAN-20180703-BREF1-A","B00000005785","GUAN-20180703-BREF1-B","B00000005795","GUAN-20180703-BREF1-C","B00000005879",NA,NA
"cb020bbf-d591-49e3-abb7-ab253f5fa610","GUAN","2018-07-04","2018-07-04","GUAN-20180704-BREF1","GUAN-20180704-BREF1-A","B00000005918","GUAN-20180704-BREF1-B","B00000005928","GUAN-20180704-BREF1-C","B00000005763",NA,NA
"986672f4-4d0d-4c41-b215-79198bf7cfe9","GUAN","2018-07-05","2018-07-05","GUAN-20180705-BREF1","GUAN-20180705-BREF1-A","B00000005762","GUAN-20180705-BREF1-B","B00000005772","GUAN-20180705-BREF1-C","B00000005782",NA,NA
"37e425ca-49a9-478c-ab7d-417547b78b28","GUAN","2018-07-06","2018-07-06","GUAN-20180706-BREF1","GUAN-20180706-BREF1-A","B00000005886","GUAN-20180706-BREF1-B","B00000005792","GUAN-20180706-BREF1-C","B00000005915",NA,NA
"1bf526f0-188d-47ae-9246-688ad6984472","GUAN","2018-07-17","2018-07-17","GUAN-20180717-BREF1","GUAN-20180717-BREF1-A","B00000005884","GUAN-20180717-BREF1-B","B00000005800","GUAN-20180717-BREF1-C","B00000005790",NA,NA
"8f6350ee-94fd-44ae-a104-1ee5055827eb","GUAN","2018-07-18","2018-07-18","GUAN-20180718-BREF1","GUAN-20180718-BREF1-A","B00000005882","GUAN-20180718-BREF1-B","B00000005892","GUAN-20180718-BREF1-C","B00000005902",NA,NA
"3d9ee720-afaf-41c7-ad85-4b6ee29fba55","GUAN","2018-09-25","2018-09-25","GUAN-20180925-BREF1","GUAN-20180925-BREF1-A","B00000012895","GUAN-20180925-BREF1-B","B00000012897","GUAN-20180925-BREF1-C","B00000012894",NA,NA
"f321af96-db1b-458b-bb91-9f92f8bec339","GUAN","2018-09-26","2018-09-26","GUAN-20180926-BREF1","GUAN-20180926-BREF1-A","B00000012904","GUAN-20180926-BREF1-B","B00000012901","GUAN-20180926-BREF1-C","B00000012903",NA,NA
"fadda6cd-4a4d-4878-a1fc-2db2baa3e834","GUAN","2018-09-27","2018-09-27","GUAN-20180927-BREF1","GUAN-20180927-BREF1-A","B00000005634","GUAN-20180927-BREF1-B","B00000005633","GUAN-20180927-BREF1-C","B00000005632",NA,NA
"3161735d-cd94-4f44-964f-521ea29c7dfb","GUAN","2018-09-28","2018-09-28","GUAN-20180928-BREF1","GUAN-20180928-BREF1-A","B00000005625","GUAN-20180928-BREF1-B","B00000005624","GUAN-20180928-BREF1-C","B00000005623",NA,NA
"4217512d-48ba-490c-ae25-f2025a735ad8","GUAN","2018-10-08","2018-10-08","GUAN-20181008-BREF1","GUAN-20181008-BREF1-A","B00000005615","GUAN-20181008-BREF1-B","B00000005616","GUAN-20181008-BREF1-C","B00000005617",NA,NA
"2355947f-05ee-4e77-9f12-d04349d1d658","GUAN","2018-10-09","2018-10-09","GUAN-20181009-BREF1","GUAN-20181009-BREF1-A","B00000005859","GUAN-20181009-BREF1-B","B00000005815","GUAN-20181009-BREF1-C","B00000005824",NA,NA
"6d47df06-21e7-4c8f-9bd0-3ed7a948362c","GUAN","2018-10-10","2018-10-10","GUAN-20181010-BREF1","GUAN-20181010-BREF1-A","B00000005825","GUAN-20181010-BREF1-B","B00000005858","GUAN-20181010-BREF1-C","B00000005826",NA,NA
"927bdb34-ff3f-46a1-b48b-9d15e91c05b1","GUAN","2018-10-11","2018-10-11","GUAN-20181011-BREF1","GUAN-20181011-BREF1-A","B00000005828","GUAN-20181011-BREF1-B","B00000005827","GUAN-20181011-BREF1-C","B00000005829",NA,NA
"972e50d5-fefa-4614-b3fd-d81bcdbbb46f","GUAN","2019-01-08","2019-01-08","GUAN-20190108-BREF1","GUAN-20190108-BREF1-A","B00000005715","GUAN-20190108-BREF1-B","B00000005719","GUAN-20190108-BREF1-C","B00000005808",NA,NA
"47707696-e360-419c-bb47-5a4353b66d37","GUAN","2019-01-09","2019-01-09","GUAN-20190109-BREF1","GUAN-20190109-BREF1-A","B00000005404","GUAN-20190109-BREF1-B","B00000005382","GUAN-20190109-BREF1-C","B00000005381",NA,NA
"7ed87551-3217-4a1c-b1e6-a9ebce698c5d","GUAN","2019-01-10","2019-01-10","GUAN-20190110-BREF1","GUAN-20190110-BREF1-A","B00000005385","GUAN-20190110-BREF1-B","B00000005384","GUAN-20190110-BREF1-C","B00000005383",NA,NA
"6d8d8294-1bba-485a-ad48-69850257750e","GUAN","2019-01-28","2019-01-28","GUAN-20190128-BREF1","GUAN-20190128-BREF1-A","B00000012761","GUAN-20190128-BREF1-B","B00000012754","GUAN-20190128-BREF1-C","B00000012755",NA,NA
"743b1680-0e11-4029-a795-63f52ce3a683","GUAN","2019-01-29","2019-01-29","GUAN-20190129-BREF1","GUAN-20190129-BREF1-A","B00000012780","GUAN-20190129-BREF1-B","B00000012779","GUAN-20190129-BREF1-C","B00000012768",NA,NA
"e116a25f-9114-4902-82f3-fdaa5997bc13","STEI","2017-04-20","2017-04-20","STEI-20170420-BREF1","STEI-20170420-BREF1-A",NA,"STEI-20170420-BREF1-B",NA,"STEI-20170420-BREF1-C",NA,NA,NA
"79d0ecd9-37c8-419f-9cd6-d0ddb47db716","STEI","2017-04-21","2017-04-21","STEI-20170421-BREF1","STEI-20170421-BREF1-A",NA,"STEI-20170421-BREF1-B",NA,"STEI-20170421-BREF1-C",NA,NA,NA
"8f3186f6-11a2-4a29-bbde-b07207ac7cb1","STEI","2017-04-25","2017-04-25","STEI-20170425-BREF1","STEI-20170425-BREF1-A",NA,"STEI-20170425-BREF1-B",NA,"STEI-20170425-BREF1-C",NA,NA,NA
"9043afa2-b550-4d4e-a541-5e8210cff703","STEI","2017-05-09","2017-05-09","STEI-20170509-BREF1","STEI-20170509-BREF1-A",NA,"STEI-20170509-BREF1-B",NA,"STEI-20170509-BREF1-C",NA,NA,NA
"7c96d4bc-c53d-4d75-ab62-1672e1dba9b9","STEI","2017-05-11","2017-05-11","STEI-20170511-BREF1","STEI-20170511-BREF1-A",NA,"STEI-20170511-BREF1-B",NA,"STEI-20170511-BREF1-C",NA,NA,NA
"a0040066-1360-42bb-8186-83fb068c23cf","STEI","2017-07-06","2017-07-06","STEI-20170706-BREF1","STEI-20170706-BREF1-A",NA,"STEI-20170706-BREF1-B",NA,"STEI-20170706-BREF1-C",NA,NA,NA
"fbcfaab5-f562-4f31-8d94-5a90aebbfa2c","STEI","2017-07-07","2017-07-07","STEI-20170707-BREF1","STEI-20170707-BREF1-A",NA,"STEI-20170707-BREF1-B",NA,"STEI-20170707-BREF1-C",NA,NA,NA
"0c608f3c-e283-448a-b011-0486164606dd","STEI","2017-07-26","2017-07-26","STEI-20170726-BREF1","STEI-20170726-BREF1-A",NA,"STEI-20170726-BREF1-B",NA,"STEI-20170726-BREF1-C",NA,NA,NA
"e226ee55-a2df-41c8-a4b8-95be8b2ec244","STEI","2017-07-27","2017-07-27","STEI-20170727-BREF1","STEI-20170727-BREF1-A",NA,"STEI-20170727-BREF1-B",NA,"STEI-20170727-BREF1-C",NA,NA,NA
"905cd42b-2a62-45f9-9c5f-ce58b16fd31b","STEI","2017-10-04","2017-10-04","STEI-20171004-BREF1","STEI-20171004-BREF1-A",NA,"STEI-20171004-BREF1-B",NA,"STEI-20171004-BREF1-C",NA,"",NA
"8007ab40-25f5-4ca6-9e65-d359227094b4","STEI","2017-10-05","2017-10-05","STEI-20171005-BREF1","STEI-20171005-BREF1-A",NA,"STEI-20171005-BREF1-B",NA,"",NA,"Blank that was originally labeled as BRef-A broke and was discarded. BRef-B relabeled to A and BRef-C relabeled to B at the lab.",NA
"613df407-344f-4d1f-ba13-7a5715b589d7","STEI","2017-10-25","2017-10-25","STEI-20171025-BREF1","STEI-20171025-BREF1-A",NA,"STEI-20171025-BREF1-B",NA,"STEI-20171025-BREF1-C",NA,"",NA
"289e670a-a0ad-462a-a0c0-a2de62bf5bf5","STEI","2017-10-26","2017-10-26","STEI-20171026-BREF1","STEI-20171026-BREF1-A",NA,"STEI-20171026-BREF1-B",NA,"STEI-20171026-BREF1-C",NA,"",NA
"3da9fa08-a75d-466b-bbe7-8595a01300b5","UNDE","2019-05-14","2019-05-14","UNDE-20190514-BREF1","UNDE-20190514-BREF1-A","B00000022355","UNDE-20190514-BREF1-B","B00000022345","UNDE-20190514-BREF1-C","B00000022346",NA,NA
"d91be9aa-ec22-49b9-9525-7f085d14ee3a","UNDE","2019-05-15","2019-05-15","UNDE-20190515-BREF1","UNDE-20190515-BREF1-A","B00000022322","UNDE-20190515-BREF1-B","B00000022321","UNDE-20190515-BREF1-C","B00000022320",NA,NA
"fd85d806-9e60-4b67-a4ed-1d929b3ef2ca","UNDE","2019-05-16","2019-05-16","UNDE-20190516-BREF1","UNDE-20190516-BREF1-A","B00000022389","UNDE-20190516-BREF1-B","B00000022391","UNDE-20190516-BREF1-C","B00000022390",NA,NA
"b8fcff71-9646-48e6-bae7-6b16289afb2e","UNDE","2019-06-04","2019-06-04","UNDE-20190604-BREF1","UNDE-20190604-BREF1-A","B00000022404","UNDE-20190604-BREF1-B","B00000022403","UNDE-20190604-BREF1-C","B00000022401",NA,NA
"883ece9e-db6f-4634-b37c-c00ff7948f6c","UNDE","2019-07-16","2019-07-16","UNDE-20190716-BREF1","UNDE-20190716-BREF1-A","B00000060771","UNDE-20190716-BREF1-B","B00000060770","UNDE-20190716-BREF1-C","B00000060769",NA,NA
"f9c4c829-595b-4963-8750-15c2edcba772","UNDE","2019-07-18","2019-07-18","UNDE-20190718-BREF1","UNDE-20190718-BREF1-A","B00000060812","UNDE-20190718-BREF1-B","B00000060813","UNDE-20190718-BREF1-C","B00000060814",NA,NA
"e64e96e9-c2cb-4d4f-95a1-6c3a06ce4577","UNDE","2019-08-06","2019-08-06","UNDE-20190806-BREF1","UNDE-20190806-BREF1-A","B00000060991","UNDE-20190806-BREF1-B","B00000060993","UNDE-20190806-BREF1-C","B00000060992",NA,NA
"5a208e85-73a2-42bc-a033-20761e62847b","KONA","2019-04-02","2019-04-02","KONA-20190402-BREF1","KONA-20190402-BREF1-A","B00000016935","KONA-20190402-BREF1-B","B00000016950","KONA-20190402-BREF1-C","B00000016938",NA,NA
"50d33a82-5f1d-46de-a812-bd8b84d032d2","KONA","2019-04-03","2019-04-03","KONA-20190403-BREF1","KONA-20190403-BREF1-A","B00000016903","KONA-20190403-BREF1-B","B00000016926","KONA-20190403-BREF1-C","B00000016917",NA,NA
"ea0f448c-73f8-42bd-8e37-54994cc76cce","KONA","2019-04-04","2019-04-04","KONA-20190404-BREF1","KONA-20190404-BREF1-A","B00000016915","KONA-20190404-BREF1-B","B00000016941","KONA-20190404-BREF1-C","B00000016892",NA,NA
"1dd598e8-9222-42f2-9679-c8439d139ff4","KONA","2019-04-12","2019-04-12","KONA-20190412-BREF1","KONA-20190412-BREF1-A","B00000016916","","","","",NA,NA
"340214fd-6f20-445f-981a-694bb7e6303a","KONA","2019-04-16","2019-04-16","KONA-20190416-BREF1","KONA-20190416-BREF1-A","B00000016905","","","","",NA,NA
"84a1d3cc-0317-47e3-8550-a2e7d8038af4","KONA","2019-04-23","2019-04-23","KONA-20190423-BREF1","KONA-20190423-BREF1-A","B00000016904","KONA-20190423-BREF1-B","B00000016910","KONA-20190423-BREF1-C","B00000016897",NA,NA
"8694d772-a8a3-4e95-b5d0-03ec9d38193d","KONA","2019-04-24","2019-04-24","KONA-20190424-BREF1","KONA-20190424-BREF1-A","B00000016292","KONA-20190424-BREF1-B","B00000016356","KONA-20190424-BREF1-C","B00000016346",NA,NA
"58540c9a-a34d-4add-95ce-2ace9d1f0cac","KONA","2019-06-18","2019-06-18","KONA-20190618-BREF1","KONA-20190618-BREF1-A","B00000016885","KONA-20190618-BREF1-B","B00000016884","KONA-20190618-BREF1-C","B00000017240",NA,NA
"062bce84-329c-4f69-8013-dd5320819c83","KONA","2019-06-19","2019-06-19","KONA-20190619-BREF1","KONA-20190619-BREF1-A","B00000017287","KONA-20190619-BREF1-B","B00000017288","KONA-20190619-BREF1-C","B00000017293",NA,NA
"9c1659bd-6305-4d0d-aa32-22fe727f2014","KONA","2019-06-20","2019-06-20","KONA-20190620-BREF1","KONA-20190620-BREF1-A","B00000017305","KONA-20190620-BREF1-B","B00000017308","KONA-20190620-BREF1-C","B00000017300",NA,NA
"6dbcceea-534f-4cb6-b609-cebd5e4e94ed","KONA","2019-07-09","2019-07-09","KONA-20190709-BREF1","KONA-20190709-BREF1-A","B00000017254","KONA-20190709-BREF1-B","B00000017262","KONA-20190709-BREF1-C","B00000017295",NA,NA
"49600922-97bc-4a64-830a-e962bcaae74a","KONA","2019-07-10","2019-07-10","KONA-20190710-BREF1","KONA-20190710-BREF1-A","B00000017332","KONA-20190710-BREF1-B","B00000017336","KONA-20190710-BREF1-C","B00000017331",NA,NA
"25b7c1bb-d4e5-49fa-9ca6-8c0a4afa8f22","KONA","2019-07-11","2019-07-11","KONA-20190711-BREF1","KONA-20190711-BREF1-A","B00000017341","KONA-20190711-BREF1-B","B00000017348","KONA-20190711-BREF1-C","B00000017339",NA,NA
"aef4dacf-31d6-42b4-8aae-e1525a6ff569","KONZ","2017-04-11","2017-04-11","KONZ-20170411-BREF1","KONZ-20170411-BREF1-A",NA,"KONZ-20170411-BREF1-B",NA,"KONZ-20170411-BREF1-C",NA,NA,NA
"cc09f2b5-dd58-4e43-97e4-3bb2996d9ac5","KONZ","2017-04-12","2017-04-12","KONZ-20170412-BREF1","KONZ-20170412-BREF1-A",NA,"KONZ-20170412-BREF1-B",NA,"KONZ-20170412-BREF1-C",NA,NA,NA
"773c0501-7279-4c6e-910f-ac48c67f93f5","KONZ","2017-04-13","2017-04-13","KONZ-20170413-BREF1","KONZ-20170413-BREF1-A",NA,"KONZ-20170413-BREF1-B",NA,"KONZ-20170413-BREF1-C",NA,NA,NA
"24a0c5d0-c549-45af-9c10-06f2d202e293","KONZ","2017-05-02","2017-05-02","KONZ-20170502-BREF1","KONZ-20170502-BREF1-A",NA,"KONZ-20170502-BREF1-B",NA,"KONZ-20170502-BREF1-C",NA,NA,NA
"52e2335b-490b-4ec0-8f85-833816543ce9","KONZ","2017-05-03","2017-05-03","KONZ-20170503-BREF1","KONZ-20170503-BREF1-A",NA,"KONZ-20170503-BREF1-B",NA,"KONZ-20170503-BREF1-C",NA,NA,NA
"e1599eab-95a4-4fa5-930a-71a16f79491b","KONZ","2017-05-04","2017-05-04","KONZ-20170504-BREF1","KONZ-20170504-BREF1-A",NA,"KONZ-20170504-BREF1-B",NA,"KONZ-20170504-BREF1-C",NA,NA,NA
"679151f9-73c4-48c0-b011-a93723da116d","KONZ","2017-07-10","2017-07-10","KONZ-20170710-BREF1","KONZ-20170710-BREF1-A",NA,"KONZ-20170710-BREF1-B",NA,"KONZ-20170710-BREF1-C",NA,NA,NA
"6ba211cd-6912-40df-875a-3e142e1adf17","KONZ","2017-07-11","2017-07-11","KONZ-20170711-BREF1","KONZ-20170711-BREF1-A",NA,"KONZ-20170711-BREF1-B",NA,"KONZ-20170711-BREF1-C",NA,NA,NA
"f3075685-219d-4fdf-bb92-2879fcb9d99e","KONZ","2017-07-12","2017-07-12","KONZ-20170712-BREF1","KONZ-20170712-BREF1-A",NA,"KONZ-20170712-BREF1-B",NA,"KONZ-20170712-BREF1-C",NA,NA,NA
"8e5d8282-2498-4689-8396-2e4bb78c61a6","KONZ","2017-07-31","2017-07-31","KONZ-20170731-BREF1","KONZ-20170731-BREF1-A",NA,"KONZ-20170731-BREF1-B",NA,"KONZ-20170731-BREF1-C",NA,NA,NA
"7f8b017c-d18e-4199-abd2-e1e097a139dd","KONZ","2017-08-01","2017-08-01","KONZ-20170801-BREF1","KONZ-20170801-BREF1-A",NA,"KONZ-20170801-BREF1-B",NA,"KONZ-20170801-BREF1-C",NA,NA,NA
"84e71c76-b931-4a71-a613-625888d164c7","KONZ","2017-10-02","2017-10-02","KONZ-20171002-BREF2","KONZ-20171002-BREF2-A",NA,"KONZ-20171002-BREF2-B",NA,"KONZ-20171002-BREF2-C",NA,NA,NA
"b98feec7-53d1-480c-aa0c-6fa99b0e91ce","KONZ","2017-10-04","2017-10-04","KONZ-20171004-BREF2","KONZ-20171004-BREF2-A",NA,"KONZ-20171004-BREF2-B",NA,"KONZ-20171004-BREF2-C",NA,NA,NA
"5db88f5d-ee81-422e-acc7-62c423725ce2","KONZ","2017-10-23","2017-10-23","KONZ-20171023-BREF2","KONZ-20171023-BREF2-A",NA,"KONZ-20171023-BREF2-B",NA,"KONZ-20171023-BREF2-C",NA,NA,NA
"10cd08f1-58ce-4b5c-a0cb-6d4de6ebe33b","KONZ","2017-10-24","2017-10-24","KONZ-20171024-BREF2","KONZ-20171024-BREF2-A",NA,"KONZ-20171024-BREF2-B",NA,"KONZ-20171024-BREF2-C",NA,NA,NA
"37fdeb58-7071-402c-8fa8-ab4fdedb4b1d","UKFS","2018-03-20","2018-03-20","UKFS-20180320-BREF1","UKFS-20180320-BREF1-A","B00000015653","UKFS-20180320-BREF1-B","B00000015654","UKFS-20180320-BREF1-C","B00000015645",NA,NA
"05ca1912-4bf1-469f-a414-63e7d372e2bf","UKFS","2018-03-21","2018-03-21","UKFS-20180321-BREF1","UKFS-20180321-BREF1-A","B00000015663","UKFS-20180321-BREF1-B","B00000015659","UKFS-20180321-BREF1-C","B00000015662",NA,NA
"740f7831-4e4e-4738-99ba-129f4cddc37d","UKFS","2018-03-22","2018-03-22","UKFS-20180322-BREF1","UKFS-20180322-BREF1-A","B00000015686","UKFS-20180322-BREF1-B","B00000015691","UKFS-20180322-BREF1-C","B00000015690",NA,NA
"023f7068-07ad-4c0a-ab9d-dafe5a258076","UKFS","2018-04-10","2018-04-10","UKFS-20180410-BREF1","UKFS-20180410-BREF1-A","B00000015742","UKFS-20180410-BREF1-B","B00000015681","UKFS-20180410-BREF1-C","B00000015671",NA,NA
"5013bbee-4072-4d94-8d67-fb98204bcfb2","UKFS","2018-04-11","2018-04-11","UKFS-20180411-BREF1","UKFS-20180411-BREF1-A","B00000015737","UKFS-20180411-BREF1-B","B00000015738","UKFS-20180411-BREF1-C","B00000015739",NA,NA
"af8f1bab-32c7-4ceb-b817-fc10bbf5f35e","UKFS","2018-08-14","2018-08-14","UKFS-20180814-BREF1","UKFS-20180814-BREF1-A","B00000015817","UKFS-20180814-BREF1-B","B00000015806","UKFS-20180814-BREF1-C","B00000015834",NA,NA
"e77fd380-5a9c-401a-a01b-6223b61075d0","UKFS","2018-08-15","2018-08-15","UKFS-20180815-BREF1","UKFS-20180815-BREF1-A","B00000016234","UKFS-20180815-BREF1-B","B00000016264","UKFS-20180815-BREF1-C","B00000016254",NA,NA
"ece10a8e-5860-435d-b86c-65ba6f5b2cc6","UKFS","2018-08-15","2018-08-15","UKFS-20180815-BREF2","UKFS-20180815-BREF2-A","B00000016245","UKFS-20180815-BREF2-B","B00000016244","UKFS-20180815-BREF2-C","B00000015833",NA,NA
"645036cf-0eb1-4d26-aa73-c4f3ffa59553","UKFS","2018-08-16","2018-08-16","UKFS-20180816-BREF1","UKFS-20180816-BREF1-A","B00000016313","UKFS-20180816-BREF1-B","B00000016312","UKFS-20180816-BREF1-C","B00000016314",NA,NA
"23eabb04-d2e4-4831-9c60-6c9333524a6b","UKFS","2018-08-28","2018-08-28","UKFS-20180828-BREF1","UKFS-20180828-BREF1-A","B00000016304","UKFS-20180828-BREF1-B","B00000016355","UKFS-20180828-BREF1-C","B00000016305",NA,NA
"3cc00f63-907d-4333-b63e-bdb3029d3468","UKFS","2018-08-30","2018-08-30","UKFS-20180830-BREF1","UKFS-20180830-BREF1-A","B00000016571","UKFS-20180830-BREF1-B","B00000016574","UKFS-20180830-BREF1-C","B00000016575",NA,NA
"fd5da1c2-5702-45c7-8165-348eca054b10","UKFS","2018-10-30","2018-10-30","UKFS-20181030-BREF1","UKFS-20181030-BREF1-A","D00000006238","UKFS-20181030-BREF1-B","D00000006239","UKFS-20181030-BREF1-C","D00000006240",NA,NA
"99b8e968-92dc-400b-8660-6d09c33bed36","UKFS","2018-11-01","2018-11-01","UKFS-20181101-BREF1","UKFS-20181101-BREF1-A","B00000016689","UKFS-20181101-BREF1-B","B00000016684","UKFS-20181101-BREF1-C","B00000016688",NA,NA
"577056df-a6d6-43d0-9835-875d52faa33d","UKFS","2018-11-28","2018-11-28","UKFS-20181128-BREF1","UKFS-20181128-BREF1-A","B00000016714","UKFS-20181128-BREF1-B","B00000016713","UKFS-20181128-BREF1-C","B00000016726",NA,NA
"e5c47710-9701-4e41-af7b-362ec8e710ae","MLBS","2018-04-24","2018-04-24","MLBS-20180424-BREF1","MLBS-20180424-BREF1-A","A00000011462","MLBS-20180424-BREF1-B","A00000011312","MLBS-20180424-BREF1-C","A00000011318",NA,NA
"77c2f7ed-e714-4f1b-8749-19f11d1e2cfb","MLBS","2018-04-25","2018-04-25","MLBS-20180425-BREF1","MLBS-20180425-BREF1-A","A00000011419","MLBS-20180425-BREF1-B","A00000011430","MLBS-20180425-BREF1-C","A00000011319",NA,NA
"2c3cedb8-d0b7-4f25-9025-812b347a936a","MLBS","2018-04-26","2018-04-26","MLBS-20180426-BREF1","MLBS-20180426-BREF1-A","A00000011469","MLBS-20180426-BREF1-B","A00000011468","MLBS-20180426-BREF1-C","A00000011470",NA,NA
"d2b7fcb0-f2ac-4598-b22b-4a2db29519e4","MLBS","2018-05-15","2018-05-15","MLBS-20180515-BREF1","MLBS-20180515-BREF1-A","A00000011375","MLBS-20180515-BREF1-B","A00000011374","MLBS-20180515-BREF1-C","A00000011373",NA,NA
"813db591-c223-4503-8365-831ac09eff3a","MLBS","2018-06-12","2018-06-12","MLBS-20180612-BREF1","MLBS-20180612-BREF1-A","B00000025610","MLBS-20180612-BREF1-B","B00000025612","MLBS-20180612-BREF1-C","B00000025611",NA,NA
"cde5eb0d-e336-4ca0-b3e2-1e69fa70f441","MLBS","2018-06-13","2018-06-13","MLBS-20180613-BREF2","MLBS-20180613-BREF2-A","B00000025655","MLBS-20180613-BREF2-B","B00000025657","MLBS-20180613-BREF2-C","B00000025656",NA,NA
"dcaa0479-767e-427b-bb61-1ded1d233e7d","MLBS","2018-06-13","2018-06-13","MLBS-20180613-BREF1","MLBS-20180613-BREF1-A","B00000025670","MLBS-20180613-BREF1-B","B00000025672","MLBS-20180613-BREF1-C","B00000025671",NA,NA
"1a8768c1-c250-48b8-8d6d-9faf16151955","MLBS","2018-07-04","2018-07-04","MLBS-20180704-BREF1","MLBS-20180704-BREF1-A","B00000025679","MLBS-20180704-BREF1-B","B00000025678","MLBS-20180704-BREF1-C","B00000025677",NA,NA
"96b62222-483c-4f37-94c6-f2df647a98d9","MLBS","2018-07-04","2018-07-04","MLBS-20180704-BREF2","MLBS-20180704-BREF2-A","B00000025680","MLBS-20180704-BREF2-B","B00000025674","MLBS-20180704-BREF2-C","B00000025685",NA,NA
"3601a0f9-fad6-41b2-899c-72c6a9a4ffaa","MLBS","2018-10-09","2018-10-09","MLBS-20181009-BREF1","MLBS-20181009-BREF1-A","B00000026432","MLBS-20181009-BREF1-B","B00000026421","MLBS-20181009-BREF1-C","B00000026438",NA,NA
"b09190f9-e13c-4f26-b464-f2b917953d36","MLBS","2018-10-10","2018-10-10","MLBS-20181010-BREF1","MLBS-20181010-BREF1-A","B00000026400","MLBS-20181010-BREF1-B","B00000026401","MLBS-20181010-BREF1-C","B00000026399",NA,NA
"ca834247-df34-4069-bcb4-fda70ab121be","MLBS","2018-10-29","2018-10-29","MLBS-20181029-BREF1","MLBS-20181029-BREF1-A","B00000026352","MLBS-20181029-BREF1-B","B00000026351","MLBS-20181029-BREF1-C","B00000026350",NA,NA
"b5f09ebd-b78e-47ea-8f5c-96be2e30af43","MLBS","2018-10-30","2018-10-30","MLBS-20181030-BREF2","MLBS-20181030-BREF2-A","B00000026478","MLBS-20181030-BREF2-B","B00000026479","MLBS-20181030-BREF2-C","B00000026480",NA,NA
"6bd9d255-98c0-424f-a0b4-486679b7eed9","MLBS","2018-10-30","2018-10-30","MLBS-20181030-BREF1","MLBS-20181030-BREF1-A","B00000026474","MLBS-20181030-BREF1-B","B00000026475","MLBS-20181030-BREF1-C","B00000026476",NA,NA
"a34e267d-06c5-4f48-bb3d-14923987a95a","MLBS","2018-10-30","2018-10-30","MLBS-20181030-BREF3","MLBS-20181030-BREF3-A","B00000026482","MLBS-20181030-BREF3-B","B00000026481","MLBS-20181030-BREF3-C","B00000026477",NA,NA
"c06f34fa-fe6e-4067-be16-2f13ccf124f3","ORNL","2017-04-05","2017-04-05","ORNL-20170405-BREF1","ORNL-20170405-BREF1-A",NA,"ORNL-20170405-BREF1-B",NA,"ORNL-20170405-BREF1-C",NA,NA,NA
"ebe93d21-4490-4ebf-b379-1b54045f9e9b","ORNL","2017-04-28","2017-04-28","ORNL-20170428-BREF1","ORNL-20170428-BREF1-A",NA,"ORNL-20170428-BREF1-B",NA,"ORNL-20170428-BREF1-C",NA,NA,NA
"c24c30e5-5150-4b63-b2fe-a3c1a5849135","ORNL","2017-06-20","2017-06-20","ORNL-20170620-BREF1","ORNL-20170620-BREF1-A",NA,"ORNL-20170620-BREF1-B",NA,"ORNL-20170620-BREF1-C",NA,NA,NA
"f8caae1c-5cac-4b04-811e-2f0990fe708d","ORNL","2017-06-22","2017-06-22","ORNL-20170622-BREF1","ORNL-20170622-BREF1-A",NA,"ORNL-20170622-BREF1-B",NA,"ORNL-20170622-BREF1-C",NA,NA,NA
"d5bdfc2a-47b9-4778-9da8-35f32d6d7376","ORNL","2017-07-07","2017-07-07","ORNL-20170707-BREF1","ORNL-20170707-BREF1-A",NA,"ORNL-20170707-BREF1-B",NA,"ORNL-20170707-BREF1-C",NA,NA,NA
"216de9dc-84a8-4c3d-a0b5-5a0ef7533f68","ORNL","2017-10-24","2017-10-24","ORNL-20171024-BREF1","ORNL-20171024-BREF1-A",NA,"ORNL-20171024-BREF1-B",NA,"ORNL-20171024-BREF1-C",NA,NA,NA
"1b222cf0-5f7c-411c-bcfc-a9c8b6b0cac7","ORNL","2017-10-25","2017-10-25","ORNL-20171025-BREF1","ORNL-20171025-BREF1-A",NA,"ORNL-20171025-BREF1-B",NA,"ORNL-20171025-BREF1-C",NA,NA,NA
"f6a84353-2001-491b-b179-98edc1c28dad","ORNL","2017-10-27","2017-10-27","ORNL-20171027-BREF1","ORNL-20171027-BREF1-A",NA,"ORNL-20171027-BREF1-B",NA,"ORNL-20171027-BREF1-C",NA,NA,NA
"e7c4caea-5bfe-48b5-8e6e-e62c6a77f653","ORNL","2017-11-14","2017-11-14","ORNL-20171114-BREF1","ORNL-20171114-BREF1-A",NA,"ORNL-20171114-BREF1-B",NA,"ORNL-20171114-BREF1-C",NA,"",NA
"d48346af-6d17-4db6-830c-11fb82722291","ORNL","2017-11-16","2017-11-16","ORNL-20171116-BREF2","ORNL-20171116-BREF2-A",NA,"ORNL-20171116-BREF2-B",NA,"ORNL-20171116-BREF2-C",NA,"",NA
"07038b09-08e3-47c6-bc66-4aadd7302fb8","ORNL","2017-11-16","2017-11-16","ORNL-20171116-BREF3","ORNL-20171116-BREF3-A",NA,"ORNL-20171116-BREF3-B",NA,"ORNL-20171116-BREF3-C",NA,"",NA
"d853e37f-7f8a-48ac-8f75-b5a2f9a410c3","ORNL","2017-11-16","2017-11-16","ORNL-20171116-BREF1","ORNL-20171116-BREF1-A",NA,"ORNL-20171116-BREF1-B",NA,"ORNL-20171116-BREF1-C",NA,"Some floating material in the last portions of BRef-1 batch filtered out before combining with samples",NA
"30ef04f8-9742-4c97-9e01-4d2eb70e3f25","DELA","2019-05-14","2019-05-14","DELA-20190514-BREF1","DELA-20190514-BREF1-A","B00000055613","DELA-20190514-BREF1-B","B00000055614","DELA-20190514-BREF1-C","B00000055615",NA,NA
"eb432f09-5734-4ba3-a3f9-525db12b3405","DELA","2019-05-16","2019-05-16","DELA-20190516-BREF1","DELA-20190516-BREF1-A","B00000004894","DELA-20190516-BREF1-B","B00000004892","DELA-20190516-BREF1-C","B00000004893",NA,NA
"4e3a3967-abe7-4703-9123-ccba239bd45b","DELA","2019-06-04","2019-06-04","DELA-20190604-BREF1","DELA-20190604-BREF1-A","B00000004928","DELA-20190604-BREF1-B","B00000004929","DELA-20190604-BREF1-C","B00000004930",NA,NA
"fb28bf88-3eef-4ef4-b087-080d7b12a82c","DELA","2019-06-25","2019-06-25","DELA-20190625-BREF1","DELA-20190625-BREF1-A","B00000005013","DELA-20190625-BREF1-B","B00000005014","DELA-20190625-BREF1-C","B00000005015",NA,NA
"9036561e-8c63-468c-bfea-33863c818f2d","DELA","2019-06-27","2019-06-27","DELA-20190627-BREF1","DELA-20190627-BREF1-A","B00000005036","DELA-20190627-BREF1-B","B00000005035","DELA-20190627-BREF1-C","B00000005034",NA,NA
"27f4c735-182a-4170-ae01-78374b8ea02f","DELA","2019-07-16","2019-07-16","DELA-20190716-BREF1","DELA-20190716-BREF1-A","B00000055720","DELA-20190716-BREF1-B","B00000055721","DELA-20190716-BREF1-C","B00000055722",NA,NA
"9d2b9342-975d-455f-b252-56cbbda6f61d","LENO","2018-04-25","2018-04-25","LENO-20180425-BREF1","LENO-20180425-BREF1-A","B00000003510","LENO-20180425-BREF1-B","B00000003509","LENO-20180425-BREF1-C","B00000003504",NA,NA
"e1657454-6b6a-4ac1-a46c-848a39f6f71f","LENO","2018-04-26","2018-04-26","LENO-20180426-BREF1","LENO-20180426-BREF1-A","B00000003554","LENO-20180426-BREF1-B","B00000003543","LENO-20180426-BREF1-C","B00000003539",NA,NA
"f44d2e2d-aa3b-4b21-b27b-48b31462cc03","LENO","2018-05-15","2018-05-15","LENO-20180515-BREF1","LENO-20180515-BREF1-A","B00000003586","LENO-20180515-BREF1-B","B00000003585","LENO-20180515-BREF1-C","B00000003584",NA,NA
"1719381b-b5d3-4c5e-a89c-5f2c42f635c7","LENO","2018-07-10","2018-07-10","LENO-20180710-BREF1","LENO-20180710-BREF1-A","B00000003757","LENO-20180710-BREF1-B","B00000003763","LENO-20180710-BREF1-C","B00000003739",NA,NA
"4b6966b8-9c75-4760-9db5-1c9c430c9f07","LENO","2018-07-12","2018-07-12","LENO-20180712-BREF1","LENO-20180712-BREF1-A","B00000003806","LENO-20180712-BREF1-B","B00000003776","LENO-20180712-BREF1-C","B00000003773",NA,NA
"549e8522-cbd5-4f55-968b-33126bd93c53","LENO","2018-08-01","2018-08-01","LENO-20180801-BREF2","LENO-20180801-BREF2-A","B00000003782","LENO-20180801-BREF2-B","B00000003797","LENO-20180801-BREF2-C","B00000003783",NA,NA
"58f37f2c-7863-48f6-96a4-5341a33f3aaf","LENO","2018-11-06","2018-11-06","LENO-20181106-BREF3","LENO-20181106-BREF3-A","B00000004300","LENO-20181106-BREF3-B","B00000004299","LENO-20181106-BREF3-C","B00000004301",NA,NA
"f494e330-6142-405d-9f15-8c1ed4b28373","LENO","2018-11-09","2018-11-09","LENO-20181109-BREF3","LENO-20181109-BREF3-A","B00000003753","LENO-20181109-BREF3-B","B00000004326","LENO-20181109-BREF3-C","B00000004325",NA,NA
"6eed48ae-41f3-483d-9284-7ed08990074b","LENO","2018-11-29","2018-11-29","LENO-20181129-BREF3","LENO-20181129-BREF3-A","B00000004429","LENO-20181129-BREF3-B","B00000004428","LENO-20181129-BREF3-C","B00000004427",NA,NA
"7dc2a794-8097-4db7-a0fd-b24738f68bda","TALL","2017-04-05","2017-04-05","TALL-20170405-BREF1","TALL-20170405-BREF1-A",NA,"TALL-20170405-BREF1-B",NA,"TALL-20170405-BREF1-C",NA,NA,NA
"fe2f70d5-450e-42de-922a-7757ce4c7eec","TALL","2017-04-07","2017-04-07","TALL-20170407-BREF1","TALL-20170407-BREF1-A",NA,"TALL-20170407-BREF1-B",NA,"TALL-20170407-BREF1-C",NA,NA,NA
"cb9d7ae5-e5e4-46e6-9792-54c6b0baf167","TALL","2017-04-25","2017-04-25","TALL-20170425-BREF1","TALL-20170425-BREF1-A",NA,"TALL-20170425-BREF1-B",NA,"TALL-20170425-BREF1-C",NA,NA,NA
"141f18a4-49de-414d-b7af-30e09530f4a2","TALL","2017-06-13","2017-06-13","TALL-20170613-BREF1","TALL-20170613-BREF1-A",NA,"TALL-20170613-BREF1-B",NA,"TALL-20170613-BREF1-C",NA,NA,NA
"15f320e1-9af6-44ff-b3c1-8e02b3c9781b","TALL","2017-06-15","2017-06-15","TALL-20170615-BREF1","TALL-20170615-BREF1-A",NA,"TALL-20170615-BREF1-B",NA,"TALL-20170615-BREF1-C",NA,NA,NA
"8f9c1844-d430-4009-a35c-daab13b2f54f","TALL","2017-06-27","2017-06-27","TALL-20170627-BREF1","TALL-20170627-BREF1-A",NA,"TALL-20170627-BREF1-B",NA,"TALL-20170627-BREF1-C",NA,NA,NA
"5f9f1594-4e20-4e20-b410-02225a90fc1b","TALL","2017-10-31","2017-10-31","TALL-20171031-BREF1","TALL-20171031-BREF1-A",NA,"TALL-20171031-BREF1-B",NA,"TALL-20171031-BREF1-C",NA,NA,NA
"9459a944-2403-4364-bfa3-0abc7008a08e","TALL","2017-11-02","2017-11-02","TALL-20171102-BREF2","TALL-20171102-BREF2-A",NA,"TALL-20171102-BREF2-B",NA,"TALL-20171102-BREF2-C",NA,NA,NA
"27838829-c4da-4ebe-a312-ab81ca533d20","TALL","2017-11-28","2017-11-28","TALL-20171128-BREF2","TALL-20171128-BREF2-A",NA,"TALL-20171128-BREF2-B",NA,"TALL-20171128-BREF2-C",NA,NA,NA
"ec5fd807-74bf-451e-be90-ac01f312d9e3","DCFS","2019-05-01","2019-05-01","DCFS-20190501-BREF1","DCFS-20190501-BREF1-A","B00000051178","DCFS-20190501-BREF1-B","B00000051179","DCFS-20190501-BREF1-C","B00000051180",NA,NA
"03e88f66-0fff-41dc-a0c4-148f2dceae35","DCFS","2019-05-02","2019-05-02","DCFS-20190502-BREF1","DCFS-20190502-BREF1-A","B00000051167","DCFS-20190502-BREF1-B","B00000051166","DCFS-20190502-BREF1-C","B00000051168",NA,NA
"bad31449-bf75-469e-aadd-85b50593778c","DCFS","2019-05-03","2019-05-03","DCFS-20190503-BREF1","DCFS-20190503-BREF1-A","B00000000430","DCFS-20190503-BREF1-B","B00000000431","DCFS-20190503-BREF1-C","B00000000429",NA,NA
"163968d4-a385-4c0f-a0d3-d06b520c75a1","DCFS","2019-05-07","2019-05-07","DCFS-20190507-BREF1","DCFS-20190507-BREF1-A","B00000000411","DCFS-20190507-BREF1-B","B00000000408","DCFS-20190507-BREF1-C","B00000000402",NA,NA
"16263461-4776-4896-81c0-5a00338fda23","DCFS","2019-05-29","2019-05-29","DCFS-20190529-BREF1","DCFS-20190529-BREF1-A","B00000000421","DCFS-20190529-BREF1-B","B00000000377","DCFS-20190529-BREF1-C","B00000000388",NA,NA
"30c058bb-ddf3-4482-a16c-11cd9f9c30f4","DCFS","2019-05-31","2019-05-31","DCFS-20190531-BREF1","DCFS-20190531-BREF1-A","B00000000380","DCFS-20190531-BREF1-B","B00000000366","DCFS-20190531-BREF1-C","B00000000378",NA,NA
"3fbd77f0-b46e-454e-b0d7-c6fd5161162e","DCFS","2019-07-30","2019-07-30","DCFS-20190730-BREF1","DCFS-20190730-BREF1-A","B00000000318","DCFS-20190730-BREF1-B","B00000000346","DCFS-20190730-BREF1-C","B00000000342",NA,NA
"0687ce02-f0da-47ae-85cb-c36667498b91","DCFS","2019-07-31","2019-07-31","DCFS-20190731-BREF1","DCFS-20190731-BREF1-A","B00000000289","DCFS-20190731-BREF1-B","B00000000297","DCFS-20190731-BREF1-C","B00000000294",NA,NA
"cd596949-9933-4610-8f70-67f63236c38d","DCFS","2019-08-12","2019-08-12","DCFS-20190812-BREF1","DCFS-20190812-BREF1-A","B00000000284","DCFS-20190812-BREF1-B","B00000000313","DCFS-20190812-BREF1-C","B00000000283",NA,NA
"8ab453d1-36bb-4731-a279-952b45f513ec","DCFS","2019-08-14","2019-08-14","DCFS-20190814-BREF1","DCFS-20190814-BREF1-A","B00000050666","DCFS-20190814-BREF1-B","B00000050665","DCFS-20190814-BREF1-C","B00000050664",NA,NA
"45202b44-3794-4129-a861-8a7f61a9d016","DCFS","2019-08-15","2019-08-15","DCFS-20190815-BREF1","DCFS-20190815-BREF1-A","B00000050641","DCFS-20190815-BREF1-B","B00000050640","DCFS-20190815-BREF1-C","B00000050633",NA,NA
"9c69bd9c-0d47-4b8c-9fa4-af85c90dad3a","STER","2017-04-06","2017-04-06","STER-20170406-BREF1","STER-20170406-BREF1-A",NA,"STER-20170406-BREF1-B",NA,"STER-20170406-BREF1-C",NA,NA,NA
"cdcff535-e231-4290-8f77-9c2074cab4ba","STER","2017-04-11","2017-04-11","STER-20170411-BREF1","STER-20170411-BREF1-A",NA,"STER-20170411-BREF1-B",NA,"STER-20170411-BREF1-C",NA,NA,NA
"0d913676-66e4-425f-8eb3-5ab2ecc6f481","STER","2017-04-12","2017-04-12","STER-20170412-BREF1","STER-20170412-BREF1-A",NA,"STER-20170412-BREF1-B",NA,"STER-20170412-BREF1-C",NA,NA,NA
"d9f0c321-46f4-4400-9d65-98a3e21206b4","STER","2017-04-27","2017-04-27","STER-20170427-BREF1","STER-20170427-BREF1-A",NA,"STER-20170427-BREF1-B",NA,"STER-20170427-BREF1-C",NA,NA,NA
"94869726-de61-44d9-acb4-89c47ba1f576","STER","2017-05-02","2017-05-02","STER-20170502-BREF1","STER-20170502-BREF1-A",NA,"STER-20170502-BREF1-B",NA,"STER-20170502-BREF1-C",NA,NA,NA
"1afb8432-b23e-45d8-b93f-605760e55409","STER","2017-05-03","2017-05-03","STER-20170503-BREF1","STER-20170503-BREF1-A",NA,"STER-20170503-BREF1-B",NA,"STER-20170503-BREF1-C",NA,NA,NA
"b4586b04-e6c9-4842-a6c7-c86edc435da5","STER","2017-06-06","2017-06-06","STER-20170606-BREF1","STER-20170606-BREF1-A",NA,"STER-20170606-BREF1-B",NA,"STER-20170606-BREF1-C",NA,NA,NA
"1d6d67b1-384b-4162-8f53-6159fbc8feaf","STER","2017-06-07","2017-06-07","STER-20170607-BREF1","STER-20170607-BREF1-A",NA,"STER-20170607-BREF1-B",NA,"STER-20170607-BREF1-C",NA,NA,NA
"54c8d35e-8b79-465f-ba77-e25a72c72585","STER","2017-06-27","2017-06-27","STER-20170627-BREF1","STER-20170627-BREF1-A",NA,"STER-20170627-BREF1-B",NA,"STER-20170627-BREF1-C",NA,NA,NA
"a5d01875-55c7-4cca-a84f-05b363fee778","STER","2017-06-30","2017-06-30","STER-20170630-BREF1","STER-20170630-BREF1-A",NA,"STER-20170630-BREF1-B",NA,"STER-20170630-BREF1-C",NA,NA,NA
"b8193a92-b2bd-455f-9b67-d49b2cab9a1f","STER","2017-10-19","2017-10-19","STER-20171019-BREF1","STER-20171019-BREF1-A","E00000000008","STER-20171019-BREF1-B","E00000000009","STER-20171019-BREF1-C","E00000000010",NA,NA
"4df22861-8e7a-4d7c-9789-b8fb6b96f1aa","STER","2017-10-24","2017-10-24","STER-20171024-BREF1","STER-20171024-BREF1-A","E00000000025","STER-20171024-BREF1-B","E00000000027","STER-20171024-BREF1-C","E00000000026",NA,NA
"4f3c01be-cd48-40c0-aac0-44b103a80270","STER","2017-10-26","2017-10-26","STER-20171026-BREF1","STER-20171026-BREF1-A","","STER-20171026-BREF1-B","","STER-20171026-BREF1-C","",NA,NA
"40d3b950-52af-4f8b-b991-354a3b230e66","STER","2017-11-08","2017-11-08","STER-20171108-BREF1","STER-20171108-BREF1-A",NA,"STER-20171108-BREF1-B",NA,"STER-20171108-BREF1-C",NA,NA,NA
"26f21a0b-59f6-42e5-9864-0b742aadaf9e","STER","2017-11-14","2017-11-14","STER-20171114-BREF1","STER-20171114-BREF1-A",NA,"STER-20171114-BREF1-B",NA,"STER-20171114-BREF1-C",NA,NA,NA
"b57df943-4cea-45d0-a77f-b1c22deec162","CLBJ","2019-03-05","2019-03-05","CLBJ-20190305-BREF1","CLBJ-20190305-BREF1-A","B00000035720","CLBJ-20190305-BREF1-B","B00000035719","CLBJ-20190305-BREF1-C","B00000035718",NA,NA
"5e007530-a128-4008-ac36-eb66a93961f1","CLBJ","2019-03-06","2019-03-06","CLBJ-20190306-BREF1","CLBJ-20190306-BREF1-A","B00000035733","CLBJ-20190306-BREF1-B","B00000035732","CLBJ-20190306-BREF1-C","B00000035734",NA,NA
"dd511f38-e8e2-4372-a254-aa6755cc2896","CLBJ","2019-03-07","2019-03-07","CLBJ-20190307-BREF1","CLBJ-20190307-BREF1-A","B00000035751","CLBJ-20190307-BREF1-B","B00000035750","CLBJ-20190307-BREF1-C","B00000035748",NA,NA
"bf83ed21-50d6-46ca-801e-92909431caf9","CLBJ","2019-03-26","2019-03-26","CLBJ-20190326-BREF1","CLBJ-20190326-BREF1-A","B00000035779","CLBJ-20190326-BREF1-B","B00000035780","CLBJ-20190326-BREF1-C","B00000035782",NA,NA
"e69f0c7a-f5d3-438c-9a96-c335edc3c38c","CLBJ","2019-04-16","2019-04-16","CLBJ-20190416-BREF1","CLBJ-20190416-BREF1-A","B00000001928","CLBJ-20190416-BREF1-B","B00000001957","CLBJ-20190416-BREF1-C","B00000001927",NA,NA
"bc084706-0e18-45fd-a8fa-ae0117a6a72e","CLBJ","2019-04-17","2019-04-17","CLBJ-20190417-BREF1","CLBJ-20190417-BREF1-A","B00000001926","CLBJ-20190417-BREF1-B","B00000035783","CLBJ-20190417-BREF1-C","B00000001949",NA,NA
"65f6484e-ed8b-4047-bc70-151d72bfd5e0","CLBJ","2019-04-30","2019-04-30","CLBJ-20190430-BREF1","CLBJ-20190430-BREF1-A","B00000002023","CLBJ-20190430-BREF1-B","B00000002022","CLBJ-20190430-BREF1-C","B00000002024",NA,NA
"a905a534-41a8-44f6-bffb-4e2ebcb8f1f9","OAES","2018-04-03","2018-04-03","OAES-20180403-BREF1","OAES-20180403-BREF1-A","B00000001082","OAES-20180403-BREF1-B","B00000001083","OAES-20180403-BREF1-C","B00000001084",NA,NA
"ae898280-5135-4d17-8a0c-402574ab7181","OAES","2018-04-04","2018-04-04","OAES-20180404-BREF1","OAES-20180404-BREF1-A","B00000001085","OAES-20180404-BREF1-B","B00000001086","OAES-20180404-BREF1-C","B00000001087",NA,NA
"03ef2f2e-320e-4555-afee-b69f12261e67","OAES","2018-04-25","2018-04-25","OAES-20180425-BREF1","OAES-20180425-BREF1-A","B00000001091","OAES-20180425-BREF1-B","B00000001089","OAES-20180425-BREF1-C","B00000001273",NA,NA
"bd6db1f4-b420-4447-aec1-09a6bd984ca5","OAES","2018-05-30","2018-05-30","OAES-20180530-BREF1","OAES-20180530-BREF1-A","B00000001387","OAES-20180530-BREF1-B","B00000001383","OAES-20180530-BREF1-C","B00000001379",NA,NA
"1697161f-184d-4e42-b035-ec06aa143a16","OAES","2018-06-19","2018-06-19","OAES-20180619-BREF1","OAES-20180619-BREF1-A","B00000001375","OAES-20180619-BREF1-B","B00000001371","OAES-20180619-BREF1-C","B00000001367",NA,NA
"7c8ad8e1-442f-4c5a-8b37-a5e67ad73afd","OAES","2018-10-16","2018-10-16","OAES-20181016-BREF1","OAES-20181016-BREF1-A","B00000001648","OAES-20181016-BREF1-B","B00000001618","OAES-20181016-BREF1-C","B00000001671",NA,NA
"f66a1f01-7de7-4d0a-841a-f3d9bab80350","OAES","2018-10-17","2018-10-17","OAES-20181017-BREF1","OAES-20181017-BREF1-A","B00000001673","OAES-20181017-BREF1-B","B00000001672","OAES-20181017-BREF1-C","B00000001654",NA,NA
"40a14482-a928-4c36-bc11-309972ebce0b","OAES","2018-11-06","2018-11-06","OAES-20181106-BREF1","OAES-20181106-BREF1-A","B00000035682","OAES-20181106-BREF1-B","B00000035691","OAES-20181106-BREF1-C","B00000035681",NA,NA
"63b223a3-e4a6-4101-a7e1-7dd0971498c9","MOAB","2017-03-28","2017-03-28","MOAB-20170328-BREF1","MOAB-20170328-BREF1-A",NA,"MOAB-20170328-BREF1-B",NA,"MOAB-20170328-BREF1-C",NA,"209170328-BRef1-C was leaky.",NA
"79d85bd7-3089-48cb-8992-2374f1d5dc51","MOAB","2017-03-29","2017-03-29","MOAB-20170329-BREF1","MOAB-20170329-BREF1-A",NA,"MOAB-20170329-BREF1-B",NA,"MOAB-20170329-BREF1-C",NA,"",NA
"e6f16be1-4432-4209-adfd-09c0bf600887","MOAB","2017-03-30","2017-03-30","MOAB-20170330-BREF1","MOAB-20170330-BREF1-A",NA,"MOAB-20170330-BREF1-B",NA,"MOAB-20170330-BREF1-C",NA,"",NA
"8efc4349-cf84-4e8d-b251-3e03025df058","MOAB","2017-04-10","2017-04-10","MOAB-20170410-BREF1","MOAB-20170410-BREF1-A",NA,"MOAB-20170410-BREF1-B",NA,"MOAB-20170410-BREF1-C",NA,NA,NA
"cd8b27e9-24db-4893-8c54-c44c433bf771","MOAB","2017-04-11","2017-04-11","MOAB-20170411-BREF1","MOAB-20170411-BREF1-A",NA,"MOAB-20170411-BREF1-B",NA,"MOAB-20170411-BREF1-C",NA,NA,NA
"590b9e67-d9c4-4a38-9301-c1d29def22c7","MOAB","2017-04-12","2017-04-12","MOAB-20170412-BREF1","MOAB-20170412-BREF1-A",NA,"MOAB-20170412-BREF1-B",NA,"MOAB-20170412-BREF1-C",NA,NA,NA
"d564a0c0-0251-494c-a1ce-86f7c94fada2","MOAB","2017-05-21","2017-05-21","MOAB-20170521-BREF1","MOAB-20170521-BREF1-A",NA,"MOAB-20170521-BREF1-B",NA,"MOAB-20170521-BREF1-C",NA,NA,NA
"41ec2039-62e5-4978-9fc8-e12a58a35206","MOAB","2017-05-22","2017-05-22","MOAB-20170522-BREF1","MOAB-20170522-BREF1-A",NA,"MOAB-20170522-BREF1-B",NA,"MOAB-20170522-BREF1-C",NA,NA,NA
"66d2c6a7-778a-4793-98c7-f6c6143c82be","MOAB","2017-05-23","2017-05-23","MOAB-20170523-BREF1","MOAB-20170523-BREF1-A",NA,"MOAB-20170523-BREF1-B",NA,"MOAB-20170523-BREF1-C",NA,NA,NA
"35f0778b-7a97-4106-bdce-5ccc7f3024b5","MOAB","2017-06-19","2017-06-19","MOAB-20170619-BREF1","MOAB-20170619-BREF1-A",NA,"MOAB-20170619-BREF1-B",NA,"MOAB-20170619-BREF1-C",NA,NA,NA
"5ce02521-669e-4ee8-aec4-eb6745c77ff2","MOAB","2017-06-20","2017-06-20","MOAB-20170620-BREF1","MOAB-20170620-BREF1-A",NA,"MOAB-20170620-BREF1-B",NA,"MOAB-20170620-BREF1-C",NA,NA,NA
"77952049-b49b-4ea6-b7b3-2270670d1c54","MOAB","2017-10-02","2017-10-02","MOAB-20171002-BREF1","MOAB-20171002-BREF1-A",NA,"MOAB-20171002-BREF1-B",NA,"MOAB-20171002-BREF1-C",NA,NA,NA
"0972ab15-9ad4-424c-b91d-098f6d68cf7f","MOAB","2017-10-03","2017-10-03","MOAB-20171003-BREF1","MOAB-20171003-BREF1-A",NA,"MOAB-20171003-BREF1-B",NA,"MOAB-20171003-BREF1-C",NA,NA,NA
"8902926b-f796-41b9-869f-dfb860668142","MOAB","2017-10-04","2017-10-04","MOAB-20171004-BREF1","MOAB-20171004-BREF1-A",NA,"MOAB-20171004-BREF1-B",NA,"MOAB-20171004-BREF1-C",NA,NA,NA
"9c997550-1440-4687-b169-88b17ddbf04d","MOAB","2017-10-22","2017-10-22","MOAB-20171022-BREF1","MOAB-20171022-BREF1-A",NA,"MOAB-20171022-BREF1-B",NA,"MOAB-20171022-BREF1-C",NA,NA,NA
"33c7b567-0ba7-40df-bf28-d307c5715744","MOAB","2017-10-23","2017-10-23","MOAB-20171023-BREF1","MOAB-20171023-BREF1-A",NA,"MOAB-20171023-BREF1-B",NA,"MOAB-20171023-BREF1-C",NA,NA,NA
"b5c8af4e-ed1d-4dfc-87bb-e34ede7ac64b","NIWO","2019-06-18","2019-06-18","NIWO-20190618-BREF1","NIWO-20190618-BREF1-A","B00000011979","NIWO-20190618-BREF1-B","B00000012041","NIWO-20190618-BREF1-C","B00000012030",NA,NA
"cfdf7121-56f9-4b1f-8c8d-4f1339a6bd8f","NIWO","2019-06-20","2019-06-20","NIWO-20190620-BREF1","NIWO-20190620-BREF1-A","B00000012060","NIWO-20190620-BREF1-B","B00000012001","NIWO-20190620-BREF1-C","B00000012053",NA,NA
"0a0620c1-ff14-4f1d-a73f-13ac63b92d16","NIWO","2019-07-02","2019-07-02","NIWO-20190702-BREF1","NIWO-20190702-BREF1-A","B00000012077","NIWO-20190702-BREF1-B","B00000012076","NIWO-20190702-BREF1-C","B00000012158",NA,NA
"fa50c55b-fc97-4986-857b-77803c403591","NIWO","2019-07-09","2019-07-09","NIWO-20190709-BREF1","NIWO-20190709-BREF1-A","B00000012102","NIWO-20190709-BREF1-B","B00000012047","NIWO-20190709-BREF1-C","B00000012033",NA,NA
"ae85dded-6b60-403b-8700-ba8f714a851f","NIWO","2019-07-11","2019-07-11","NIWO-20190711-BREF1","NIWO-20190711-BREF1-A","B00000011988","NIWO-20190711-BREF1-B","B00000012022","NIWO-20190711-BREF1-C","B00000012062",NA,NA
"ba1cdeb6-db25-4da2-ac0e-14055b3c867a","NIWO","2019-07-18","2019-07-18","NIWO-20190718-BREF1","NIWO-20190718-BREF1-A","B00000012068","NIWO-20190718-BREF1-B","B00000012069","NIWO-20190718-BREF1-C","B00000012066",NA,NA
"0b3106f7-b5d1-4203-8fd7-0c641d7b1a44","NIWO","2019-07-30","2019-07-30","NIWO-20190730-BREF1","NIWO-20190730-BREF1-A","B00000012023","NIWO-20190730-BREF1-B","B00000012009","NIWO-20190730-BREF1-C","B00000011991",NA,NA
"d3ebf59b-6c52-4c35-a3c3-d4a782e3b248","NIWO","2019-08-01","2019-08-01","NIWO-20190801-BREF1","NIWO-20190801-BREF1-A","B00000012219","NIWO-20190801-BREF1-B","B00000012214","NIWO-20190801-BREF1-C","B00000012215",NA,NA
"9081f1e8-251c-488c-9918-e5541d04ff81","NIWO","2019-08-06","2019-08-06","NIWO-20190806-BREF1","NIWO-20190806-BREF1-A","B00000012039","NIWO-20190806-BREF1-B","B00000011995","NIWO-20190806-BREF1-C","B00000012058",NA,NA
"acfc83ec-896c-4a4d-938e-fe6b37393a63","NIWO","2019-08-08","2019-08-08","NIWO-20190808-BREF1","NIWO-20190808-BREF1-A","B00000012004","NIWO-20190808-BREF1-B","B00000012048","NIWO-20190808-BREF1-C","B00000011990",NA,NA
"ace22e42-2a9c-469c-9956-f534b9becd5a","NIWO","2019-08-20","2019-08-20","NIWO-20190820-BREF1","NIWO-20190820-BREF1-A","B00000011971","NIWO-20190820-BREF1-B","B00000012213","NIWO-20190820-BREF1-C","B00000012010",NA,NA
"bca69194-5850-46d1-9e6c-be87a8188814","NIWO","2019-08-27","2019-08-27","NIWO-20190827-BREF1","NIWO-20190827-BREF1-A","B00000060906","NIWO-20190827-BREF1-B","B00000060897","NIWO-20190827-BREF1-C","B00000060896",NA,NA
"6166c5fd-f172-4cad-a6f1-d62ee9b0b20e","JORN","2017-06-28","2017-06-28","JORN-20170628-BREF1","JORN-20170628-BREF1-A",NA,"JORN-20170628-BREF1-B",NA,"JORN-20170628-BREF1-C",NA,NA,NA
"8a85e677-7c9f-49af-a4fb-2bd28d02a34b","JORN","2017-07-19","2017-07-19","JORN-20170719-BREF1","JORN-20170719-BREF1-A",NA,"JORN-20170719-BREF1-B",NA,"JORN-20170719-BREF1-C",NA,NA,NA
"2bd69545-9ad4-454e-a5c3-260eaa74e310","JORN","2017-08-09","2017-08-09","JORN-20170809-BREF1","JORN-20170809-BREF1-A",NA,"JORN-20170809-BREF1-B",NA,"JORN-20170809-BREF1-C",NA,NA,NA
"a4ba0301-8235-4564-b070-2350dedba2de","JORN","2017-08-30","2017-08-30","JORN-20170830-BREF1","JORN-20170830-BREF1-A",NA,"JORN-20170830-BREF1-B",NA,"JORN-20170830-BREF1-C",NA,NA,NA
"9a3c3724-bfed-4247-8192-afb6c12c27ea","JORN","2017-10-25","2017-10-25","JORN-20171025-BREF1","JORN-20171025-BREF1-A",NA,"JORN-20171025-BREF1-B",NA,"JORN-20171025-BREF1-C",NA,NA,NA
"a1da96d1-8978-49e2-af8a-9e227d875e04","JORN","2017-11-15","2017-11-15","JORN-20171115-BREF1","JORN-20171115-BREF1-A",NA,"JORN-20171115-BREF1-B",NA,"JORN-20171115-BREF1-C",NA,NA,NA
"df33a8cc-d744-4340-9089-32713e45ab44","WREF","2019-04-30","2019-04-30","WREF-20190430-BREF1","WREF-20190430-BREF1-A","B00000040814","WREF-20190430-BREF1-B","B00000040815","WREF-20190430-BREF1-C","B00000040820",NA,NA
"8cb7759f-822e-4430-97e8-dc60cca0a40e","WREF","2019-05-01","2019-05-01","WREF-20190501-BREF1","WREF-20190501-BREF1-A","B00000040845","WREF-20190501-BREF1-B","B00000040846","WREF-20190501-BREF1-C","B00000040853",NA,NA
"f1761571-1db4-41bd-8c81-5ad538360f18","WREF","2019-05-02","2019-05-02","WREF-20190502-BREF1","WREF-20190502-BREF1-A","B00000040996","WREF-20190502-BREF1-B","B00000040995","WREF-20190502-BREF1-C","B00000040997",NA,NA
"b79bc2e7-8d91-4de7-8995-2fdf30e1f9d0","WREF","2019-05-03","2019-05-03","WREF-20190503-BREF1","WREF-20190503-BREF1-A","B00000041076","WREF-20190503-BREF1-B","B00000041075","WREF-20190503-BREF1-C","B00000041074",NA,NA
"53891570-b25c-4848-885d-955111060a5b","WREF","2019-05-22","2019-05-22","WREF-20190522-BREF1","WREF-20190522-BREF1-A","B00000041020","WREF-20190522-BREF1-B","B00000041025","WREF-20190522-BREF1-C","B00000041038",NA,NA
"7a957ef6-89de-45fb-96a1-e567b3656b5a","WREF","2019-05-23","2019-05-23","WREF-20190523-BREF1","WREF-20190523-BREF1-A","B00000041086","WREF-20190523-BREF1-B","B00000041080","WREF-20190523-BREF1-C","B00000041082",NA,NA
"6745900e-182a-4247-a831-39a307ac82bf","WREF","2019-05-24","2019-05-24","WREF-20190524-BREF1","WREF-20190524-BREF1-A","B00000041103","WREF-20190524-BREF1-B","B00000041104","WREF-20190524-BREF1-C","B00000041105",NA,NA
"6f5643d3-0e50-4141-83cc-42ee73b461d7","WREF","2019-06-18","2019-06-18","WREF-20190618-BREF1","WREF-20190618-BREF1-A","B00000041160","WREF-20190618-BREF1-B","B00000041161","WREF-20190618-BREF1-C","B00000041163",NA,NA
"2283fb1f-ec86-4532-83f4-2930c0c76b49","WREF","2019-06-19","2019-06-19","WREF-20190619-BREF1","WREF-20190619-BREF1-A","B00000041216","WREF-20190619-BREF1-B","B00000041217","WREF-20190619-BREF1-C","B00000041218",NA,NA
"69e7c583-c646-4c80-90de-9a5ecac93c81","WREF","2019-06-20","2019-06-20","WREF-20190620-BREF1","WREF-20190620-BREF1-A","B00000041263","WREF-20190620-BREF1-B","B00000041264","WREF-20190620-BREF1-C","B00000041265",NA,NA
"4c516e6a-f8fd-4947-9836-cb5954b359a4","WREF","2019-06-21","2019-06-21","WREF-20190621-BREF1","WREF-20190621-BREF1-A","B00000041274","WREF-20190621-BREF1-B","B00000041275","WREF-20190621-BREF1-C","B00000041276",NA,NA
"c86ab22c-ac06-44b8-a49f-01f65e67c644","WREF","2019-07-09","2019-07-09","WREF-20190709-BREF1","WREF-20190709-BREF1-A","B00000041405","WREF-20190709-BREF1-B","B00000041408","WREF-20190709-BREF1-C","B00000041409",NA,NA
"182866a9-16d7-4919-8dd4-12973fbe5c0b","WREF","2019-07-10","2019-07-10","WREF-20190710-BREF1","WREF-20190710-BREF1-A","B00000053104","WREF-20190710-BREF1-B","B00000053103","WREF-20190710-BREF1-C","B00000053102",NA,NA
"96bfeaa8-ff41-4d00-bac7-baa981ec3b7e","WREF","2019-07-11","2019-07-11","WREF-20190711-BREF1","WREF-20190711-BREF1-A","B00000041422","WREF-20190711-BREF1-B","B00000041423","WREF-20190711-BREF1-C","B00000041421",NA,NA
"05536c18-5d3e-4935-8ee9-0b6c38e07b91","SJER","2018-10-09","2018-10-09","SJER-20181009-BREF2","SJER-20181009-BREF2-A","","SJER-20181009-BREF2-B","","SJER-20181009-BREF2-C","",NA,NA
"8d3ec3d2-84a1-4586-ab2a-81973b31cf2f","SJER","2018-10-10","2018-10-10","SJER-20181010-BREF2","SJER-20181010-BREF2-A","","SJER-20181010-BREF2-B","","SJER-20181010-BREF2-C","",NA,NA
"eb96d420-ffbf-4dc5-98a3-50859c0b9590","SJER","2018-10-11","2018-10-11","SJER-20181011-BREF2","SJER-20181011-BREF2-A","","SJER-20181011-BREF2-B","","SJER-20181011-BREF2-C","",NA,NA
"74eefdbb-8e9f-4ffd-b972-c82fa95e9277","SJER","2018-10-29","2018-10-29","SJER-20181029-BREF2","SJER-20181029-BREF2-A","B00000043102","SJER-20181029-BREF2-B","B00000043103","SJER-20181029-BREF2-C","B00000043104",NA,NA
"9bbc7a09-dee4-4bc0-8e5b-a18f9fc92be9","SJER","2018-10-30","2018-10-30","SJER-20181030-BREF2","SJER-20181030-BREF2-A","B00000043115","SJER-20181030-BREF2-B","B00000043116","SJER-20181030-BREF2-C","B00000043114",NA,NA
"8471366e-52bf-4313-8a3f-813b7634fac1","SJER","2018-10-31","2018-10-31","SJER-20181031-BREF2","SJER-20181031-BREF2-A","B00000043127","SJER-20181031-BREF2-B","B00000043128","SJER-20181031-BREF2-C","B00000043126",NA,NA
"e32a0da0-1cb5-4ef4-b548-73c03faa6333","SJER","2019-03-12","2019-03-12","SJER-20190312-BREF1","SJER-20190312-BREF1-A","B00000043303","SJER-20190312-BREF1-B","B00000043302","SJER-20190312-BREF1-C","B00000043300",NA,NA
"24dff30a-f1f0-4994-b0ee-e30eb42f59bf","SJER","2019-03-13","2019-03-13","SJER-20190313-BREF1","SJER-20190313-BREF1-A","B00000043337","SJER-20190313-BREF1-B","B00000043338","SJER-20190313-BREF1-C","B00000043336",NA,NA
"653e004b-5624-4397-9310-2eba571cd4a4","SJER","2019-03-14","2019-03-14","SJER-20190314-BREF1","SJER-20190314-BREF1-A","B00000043341","SJER-20190314-BREF1-B","B00000043340","SJER-20190314-BREF1-C","B00000043339",NA,NA
"485d88da-781a-451f-a8e7-454bb06306fe","SJER","2019-04-01","2019-04-01","SJER-20190401-BREF1","SJER-20190401-BREF1-A","B00000043476","SJER-20190401-BREF1-B","B00000043477","SJER-20190401-BREF1-C","B00000043475",NA,NA
"4d9ae284-36d9-4d98-8dca-74d3bce58a2a","SJER","2019-04-02","2019-04-02","SJER-20190402-BREF1","SJER-20190402-BREF1-A","B00000043506","SJER-20190402-BREF1-B","B00000043505","SJER-20190402-BREF1-C","B00000043496",NA,NA
"740436ea-3a44-48d9-8aa8-7d326fc52af4","SJER","2019-04-04","2019-04-04","SJER-20190404-BREF1","SJER-20190404-BREF1-A","B00000043530","SJER-20190404-BREF1-B","B00000043524","SJER-20190404-BREF1-C","B00000043523",NA,NA
"b6328d2a-f21a-4342-8aa8-f60f0264b503","SJER","2019-05-07","2019-05-07","SJER-20190507-BREF2","SJER-20190507-BREF2-A","B00000043687","SJER-20190507-BREF2-B","B00000043688","SJER-20190507-BREF2-C","B00000043689",NA,NA
"c4550fe5-b41a-4b58-928d-f3f72bc312a6","SJER","2019-05-08","2019-05-08","SJER-20190508-BREF2","SJER-20190508-BREF2-A","B00000043783","SJER-20190508-BREF2-B","B00000043784","SJER-20190508-BREF2-C","B00000043785",NA,NA
"d04b9450-6696-4e20-9c00-1aa616da645e","SJER","2019-05-09","2019-05-09","SJER-20190509-BREF3","SJER-20190509-BREF3-A","B00000043815","SJER-20190509-BREF3-B","B00000043814","SJER-20190509-BREF3-C","B00000043813",NA,NA
"c2563ad4-81a9-4586-8c6c-1c4939545727","SJER","2019-06-03","2019-06-03","SJER-20190603-BREF2","SJER-20190603-BREF2-A","B00000043709","SJER-20190603-BREF2-B","B00000043708","SJER-20190603-BREF2-C","B00000043707",NA,NA
"27326d04-9acb-4cec-b33c-d52d92529e2d","SJER","2019-06-04","2019-06-04","SJER-20190604-BREF2","SJER-20190604-BREF2-A","B00000043922","SJER-20190604-BREF2-B","B00000043921","SJER-20190604-BREF2-C","B00000043920",NA,NA
"337a5870-ccb7-4fc7-82ab-1101c325ae68","SOAP","2018-04-03","2018-04-03","SOAP-20180403-BREF1","SOAP-20180403-BREF1-A","B00000009307","SOAP-20180403-BREF1-B","B00000009308","SOAP-20180403-BREF1-C","B00000009309",NA,NA
"9a14b159-1105-490e-b6b4-0b6149e9406c","SOAP","2018-04-04","2018-04-04","SOAP-20180404-BREF1","SOAP-20180404-BREF1-A","A00000030421","SOAP-20180404-BREF1-B","A00000030420","SOAP-20180404-BREF1-C","A00000030419",NA,NA
"0ca04612-fe5d-413d-915c-d703b2fcf8e3","SOAP","2018-04-05","2018-04-05","SOAP-20180405-BREF1","SOAP-20180405-BREF1-A","A00000030502","SOAP-20180405-BREF1-B","A00000030503","SOAP-20180405-BREF1-C","A00000030500",NA,NA
"58ddae85-6cd9-407c-8280-02f1c199458c","SOAP","2018-04-06","2018-04-06","SOAP-20180406-BREF1","SOAP-20180406-BREF1-A","A00000030507","SOAP-20180406-BREF1-B","A00000030506","SOAP-20180406-BREF1-C","A00000030505",NA,NA
"bc80f8ed-8b3e-4899-9596-20fe428deb80","SOAP","2018-04-24","2018-04-24","SOAP-20180424-BREF1","SOAP-20180424-BREF1-A","A00000025985","SOAP-20180424-BREF1-B","A00000025984","SOAP-20180424-BREF1-C","A00000025983",NA,NA
"742246e5-d3bc-45d3-b4e9-0d2867a3f9c2","SOAP","2018-04-26","2018-04-26","SOAP-20180426-BREF1","SOAP-20180426-BREF1-A","B00000009328","SOAP-20180426-BREF1-B","B00000009330","SOAP-20180426-BREF1-C","B00000009329",NA,NA
"439a6cfe-da6f-42d0-9a0d-7c5bf361c9d2","SOAP","2018-04-27","2018-04-27","SOAP-20180427-BREF1","SOAP-20180427-BREF1-A","B00000009342","SOAP-20180427-BREF1-B","B00000009341","SOAP-20180427-BREF1-C","B00000009340",NA,NA
"ebe61ca1-5afe-4970-8dfc-eadd59b86ee6","SOAP","2018-05-30","2018-05-30","SOAP-20180530-BREF1","SOAP-20180530-BREF1-A","B00000009484","SOAP-20180530-BREF1-B","B00000009486","SOAP-20180530-BREF1-C","B00000009485",NA,NA
"16538ead-7b6e-4eda-93db-1d7c2656e9b4","SOAP","2018-05-31","2018-05-31","SOAP-20180531-BREF1","SOAP-20180531-BREF1-A","B00000009543","SOAP-20180531-BREF1-B","B00000009544","SOAP-20180531-BREF1-C","B00000009545",NA,NA
"cfd3edc0-3202-4b48-b941-c3c120bdad1b","SOAP","2018-06-01","2018-06-01","SOAP-20180601-BREF1","SOAP-20180601-BREF1-A","B00000009574","SOAP-20180601-BREF1-B","B00000009547","SOAP-20180601-BREF1-C","B00000009573",NA,NA
"3d5996bd-f804-468e-b313-f098a9120535","SOAP","2018-06-19","2018-06-19","SOAP-20180619-BREF1","SOAP-20180619-BREF1-A","B00000009642","SOAP-20180619-BREF1-B","B00000009645","SOAP-20180619-BREF1-C","B00000009646",NA,NA
"8a4eeca0-98f2-4f54-875b-9c2442f2006b","SOAP","2018-06-20","2018-06-20","SOAP-20180620-BREF1","SOAP-20180620-BREF1-A","B00000009654","SOAP-20180620-BREF1-B","B00000009655","SOAP-20180620-BREF1-C","B00000009656",NA,NA
"67591d0c-d6d8-4eb3-a2e0-b4338482c620","SOAP","2018-06-21","2018-06-21","SOAP-20180621-BREF1","SOAP-20180621-BREF1-A","","SOAP-20180621-BREF1-B","","SOAP-20180621-BREF1-C","",NA,NA
"11a40138-d3b9-42fd-a7ac-9390fc64c9db","SOAP","2018-10-23","2018-10-23","SOAP-20181023-BREF2","SOAP-20181023-BREF2-A","","SOAP-20181023-BREF2-B","","SOAP-20181023-BREF2-C","",NA,NA
"e6d2f7df-b40f-4a96-b7ff-901f7ec25d12","SOAP","2018-10-24","2018-10-24","SOAP-20181024-BREF2","SOAP-20181024-BREF2-A","B00000043080","SOAP-20181024-BREF2-B","B00000043079","SOAP-20181024-BREF2-C","B00000043081",NA,NA
"43f9166d-7ad5-4dc0-b711-0129cd629439","SOAP","2018-10-26","2018-10-26","SOAP-20181026-BREF2","SOAP-20181026-BREF2-A","B00000010060","SOAP-20181026-BREF2-B","B00000043091","SOAP-20181026-BREF2-C","B00000043090",NA,NA
"bb24aa7b-b92d-444e-99c8-a50448a170ef","SOAP","2018-11-13","2018-11-13","SOAP-20181113-BREF2","SOAP-20181113-BREF2-A","B00000043147","SOAP-20181113-BREF2-B","B00000043148","SOAP-20181113-BREF2-C","B00000043146",NA,NA
"4b5b0680-94ca-47cb-94cc-3cfcbd384078","SOAP","2018-11-14","2018-11-14","SOAP-20181114-BREF2","SOAP-20181114-BREF2-A","B00000043152","SOAP-20181114-BREF2-B","B00000043153","SOAP-20181114-BREF2-C","B00000043151",NA,NA
"012d3b87-88f7-47c7-b3a6-784056e6227d","TOOL","2017-07-20","2017-07-20","TOOL-20170720-BREF1","TOOL-20170720-BREF1-A",NA,"TOOL-20170720-BREF1-B",NA,"TOOL-20170720-BREF1-C",NA,NA,NA
"0dbb42b7-1e14-4bf0-bb72-9e9ff474e6c6","TOOL","2017-07-22","2017-07-22","TOOL-20170722-BREF1","TOOL-20170722-BREF1-A",NA,"TOOL-20170722-BREF1-B",NA,"TOOL-20170722-BREF1-C",NA,NA,NA
"ff95da31-c4b6-42d6-a35f-03311c003f94","TOOL","2017-07-27","2017-07-27","TOOL-20170727-BREF1","TOOL-20170727-BREF1-A",NA,"TOOL-20170727-BREF1-B",NA,"TOOL-20170727-BREF1-C",NA,NA,NA
"76456391-285c-4cf3-be9b-06a77bc7aa19","TOOL","2017-08-17","2017-08-17","TOOL-20170817-BREF1","TOOL-20170817-BREF1-A",NA,"TOOL-20170817-BREF1-B",NA,"TOOL-20170817-BREF1-C",NA,"KCl difficult to dissolve. Significant crystals remained at bottom of large container but avoided while subsampling for extracts.",NA
"3a698f00-f74d-4ddd-952e-3d38e1d43690","TOOL","2017-08-19","2017-08-19","TOOL-20170819-BREF1","TOOL-20170819-BREF1-A",NA,"TOOL-20170819-BREF1-B",NA,"TOOL-20170819-BREF1-C",NA,"KCl difficult to dissolve. Significant crystals remained at bottom of large container but avoided while subsampling for extracts.",NA
"012a0531-8e98-4ae2-b31b-2f080b811979","TOOL","2017-08-22","2017-08-22","TOOL-20170822-BREF1","TOOL-20170822-BREF1-A",NA,"TOOL-20170822-BREF1-B",NA,"TOOL-20170822-BREF1-C",NA,"KCl difficult to dissolve. Significant crystals remained at bottom of large container but avoided while subsampling for extracts.",NA
"e558f1e7-2c01-4a0c-9d9a-1784a0d14cd2","BONA","2019-08-27","2019-08-27","BONA-20190827-BREF1","BONA-20190827-BREF1-A","B00000046795","BONA-20190827-BREF1-B","B00000046793","BONA-20190827-BREF1-C","B00000046792",NA,NA
"42e80323-c765-4229-9253-f12b71ad9f97","BONA","2019-08-29","2019-08-29","BONA-20190829-BREF1","BONA-20190829-BREF1-A","B00000046794","BONA-20190829-BREF1-B","B00000046797","BONA-20190829-BREF1-C","B00000046796",NA,NA
"a7b02011-5b94-406d-91fd-4e2335de0573","BONA","2019-08-31","2019-08-31","BONA-20190831-BREF1","BONA-20190831-BREF1-A","B00000046798","BONA-20190831-BREF1-B","B00000046800","BONA-20190831-BREF1-C","B00000046799",NA,NA
"7efa0a4b-2416-47ee-9d46-7a7ddeec08e9","DEJU","2018-06-18","2018-06-18","DEJU-20180618-BREF1","DEJU-20180618-BREF1-A","B00000008273","DEJU-20180618-BREF1-B","B00000008274","DEJU-20180618-BREF1-C","B00000008275",NA,NA
"fa3cd8a9-a8e6-4c6d-bb26-473adcdff62e","DEJU","2018-06-20","2018-06-20","DEJU-20180620-BREF1","DEJU-20180620-BREF1-A","B00000008324","DEJU-20180620-BREF1-B","B00000008326","DEJU-20180620-BREF1-C","B00000008325",NA,NA
"74f1f409-026e-477e-9f5d-a29f3c72b464","DEJU","2018-06-22","2018-06-22","DEJU-20180622-BREF1","DEJU-20180622-BREF1-A","B00000008396","DEJU-20180622-BREF1-B","B00000008397","DEJU-20180622-BREF1-C","B00000008398",NA,NA
"eb0e02f6-31f1-4eda-a4e2-412e22348b66","DEJU","2018-07-10","2018-07-10","DEJU-20180710-BREF1","DEJU-20180710-BREF1-A","B00000008469","DEJU-20180710-BREF1-B","B00000008468","DEJU-20180710-BREF1-C","B00000008470",NA,NA
"e85621c5-65e5-4da1-bbfa-53efa9a74276","DEJU","2018-07-12","2018-07-12","DEJU-20180712-BREF1","DEJU-20180712-BREF1-A","B00000008504","DEJU-20180712-BREF1-B","B00000008503","DEJU-20180712-BREF1-C","B00000008502",NA,NA
"dbc5fddc-c134-42b6-b655-4a361f731394","PUUM","2018-11-09","2018-11-09","PUUM-20181109-BREF1","PUUM-20181109-BREF1-A","B00000048151","PUUM-20181109-BREF1-B","B00000048124","PUUM-20181109-BREF1-C","B00000048147",NA,NA
"8f959762-746d-4718-8a74-a25397b5d24a","PUUM","2018-11-11","2018-11-11","PUUM-20181111-BREF1","PUUM-20181111-BREF1-A","B00000048134","PUUM-20181111-BREF1-B","B00000048178","PUUM-20181111-BREF1-C","B00000048172",NA,NA
"e71da841-6a29-4b15-a672-3b551137111f","PUUM","2018-11-13","2018-11-13","PUUM-20181113-BREF1","PUUM-20181113-BREF1-A","B00000048195","PUUM-20181113-BREF1-B","B00000048196","PUUM-20181113-BREF1-C","B00000048198",NA,NA
"970233a4-d00b-43b2-9638-9b3ad48254f4","PUUM","2018-11-14","2018-11-14","PUUM-20181114-BREF1","PUUM-20181114-BREF1-A","B00000048207","PUUM-20181114-BREF1-B","B00000048217","PUUM-20181114-BREF1-C","B00000048218",NA,NA
"9b1110fa-8010-4225-af65-85e4a0ecf940","PUUM","2018-11-27","2018-11-27","PUUM-20181127-BREF1","PUUM-20181127-BREF1-A","B00000048294","PUUM-20181127-BREF1-B","B00000048293","PUUM-20181127-BREF1-C","B00000048292",NA,NA
"97354064-3c57-4e37-92ab-953f6cbbd8f3","PUUM","2018-11-29","2018-11-29","PUUM-20181129-BREF1","PUUM-20181129-BREF1-A","B00000048252","PUUM-20181129-BREF1-B","B00000048269","PUUM-20181129-BREF1-C","B00000048261",NA,NA
"0ff1b4ca-b39d-4542-910f-a00501bd6511","PUUM","2019-01-05","2019-01-05","PUUM-20190105-BREF1","PUUM-20190105-BREF1-A","B00000048250","PUUM-20190105-BREF1-B","B00000048249","PUUM-20190105-BREF1-C","B00000048248",NA,NA
"e681fb9a-16a3-492f-80d6-c0d59f6b122c","PUUM","2019-01-08","2019-01-08","PUUM-20190108-BREF1","PUUM-20190108-BREF1-A","B00000048266","PUUM-20190108-BREF1-B","B00000048301","PUUM-20190108-BREF1-C","B00000048268",NA,NA
"503b876b-fbbd-482e-89f9-fcc4596852ce","PUUM","2019-01-10","2019-01-10","PUUM-20190110-BREF1","PUUM-20190110-BREF1-A","B00000048378","PUUM-20190110-BREF1-B","B00000048379","PUUM-20190110-BREF1-C","B00000048380",NA,NA
"31321316-2333-43ec-9482-00b030821209","PUUM","2019-01-11","2019-01-11","PUUM-20190111-BREF1","PUUM-20190111-BREF1-A","B00000048393","PUUM-20190111-BREF1-B","B00000048394","PUUM-20190111-BREF1-C","B00000048395",NA,NA
"e5d01591-5b72-44f2-8057-986c2e0a851f","PUUM","2019-01-22","2019-01-22","PUUM-20190122-BREF1","PUUM-20190122-BREF1-A","B00000048448","PUUM-20190122-BREF1-B","B00000048449","PUUM-20190122-BREF1-C","B00000048432",NA,NA
"abad87df-e4fe-4569-8f7e-2fe3a6d6385d","PUUM","2019-01-23","2019-01-23","PUUM-20190123-BREF1","PUUM-20190123-BREF1-A","B00000048458","PUUM-20190123-BREF1-B","B00000048463","PUUM-20190123-BREF1-C","B00000048459",NA,NA
"bf42015e-862a-4140-b0b0-e987020a794c","PUUM","2019-06-07","2019-06-07","PUUM-20190607-BREF1","PUUM-20190607-BREF1-A","B00000048517","PUUM-20190607-BREF1-B","B00000048516","PUUM-20190607-BREF1-C","B00000048518",NA,NA
"7206dd89-0fff-41e5-98c3-6a5195fcb2aa","PUUM","2019-06-11","2019-06-11","PUUM-20190611-BREF1","PUUM-20190611-BREF1-A","B00000048545","PUUM-20190611-BREF1-B","B00000048544","PUUM-20190611-BREF1-C","B00000048543",NA,NA
"526580aa-9836-46b4-bb6c-3eb266d7242b","PUUM","2019-06-12","2019-06-12","PUUM-20190612-BREF1","PUUM-20190612-BREF1-A","B00000048586","PUUM-20190612-BREF1-B","B00000048585","PUUM-20190612-BREF1-C","B00000048587",NA,NA
"555e85df-2885-4db8-9873-41727f1a2328","PUUM","2019-06-13","2019-06-13","PUUM-20190613-BREF1","PUUM-20190613-BREF1-A","B00000048602","PUUM-20190613-BREF1-B","B00000048604","PUUM-20190613-BREF1-C","B00000048603",NA,NA
"cb83ef6c-9bde-4518-a6ca-605bcea37f0f","PUUM","2019-06-25","2019-06-25","PUUM-20190625-BREF1","PUUM-20190625-BREF1-A","B00000048633","PUUM-20190625-BREF1-B","B00000048635","PUUM-20190625-BREF1-C","B00000048634",NA,NA
"fd887202-034a-4c9d-8a02-73f1c7735ae6","PUUM","2019-06-27","2019-06-27","PUUM-20190627-BREF1","PUUM-20190627-BREF1-A","B00000048656","PUUM-20190627-BREF1-B","B00000048657","PUUM-20190627-BREF1-C","B00000048658",NA,NA
